cd_cvm,ano,conceito,valor_esperado,tolerancia_rel,status,razao_social,fonte_tipo,fonte_url,data_verificacao,observacao
000906,2024,ativo_total,2053126000000,0.001,DIVERGENCIA_FONTE,BCO BRADESCO S.A.,relatorio_anual,https://contrafcut.com.br/data/files/43/C4/04/CD/042E49100F8B4849820808A8/Destaques%20do%20Banco%20Bradesco%204T24.pdf,2026-09-06,"base_ou_safra_diferente | ""Ativos Totais ... 2024: 2.053.126 ... 2023: 1.915.475 ... Variacao 12m: 7,2%"" (tabela em milhoes; rodape: ""Fonte: Demonstracoes Financeiras do Banco Bradesco (4 trimestre de 2024)"
000906,2024,lucro_liquido,17500000000,0.005,TRAVA,BCO BRADESCO S.A.,release_da_empresa,https://uk.marketscreener.com/quote/stock/BANCO-BRADESCO-S-A-56358309/news/Banco-Bradesco-S-A-Consolidated-Financial-Statements-IFRS-f83290-48992138/,2026-09-06,"""BOOK NET INCOME R$ 17.5 bi"" (+21.0% p/a) — Banco Bradesco S.A., Consolidated Financial Statements - IFRS, 4T24, pagina 'selected information 2024'. O rotulo 'lucro liquido contabi"
000906,2024,lucro_liquido_controladores,17252900000,0.001,TRAVA,BCO BRADESCO S.A.,site_fundamentalista,https://valores.monitordomercado.com.br/company/56/dfp,2026-09-06,"""Lucro/Prejuizo do Periodo: 17.542.153 mil"" e ""Atribuido a Socios da Empresa Controladora: 17.252.900 mil"" (coluna 2024, valores em mil)."
000906,2024,patrimonio_liquido,168942000000,0.001,TRAVA,BCO BRADESCO S.A.,site_fundamentalista,https://stockanalysis.com/quote/bvmf/BBDC4/financials/balance-sheet/,2026-09-06,"""Total Common Equity: 168,410"" / ""Minority Interest: 532.84"" / ""Shareholders' Equity: 168,942"" (FY 2024, ""Millions BRL"")"
000906,2024,receita_liquida,78885000000,0.001,DEFEITO_ABERTO,BCO BRADESCO S.A.,site_fundamentalista,https://stockanalysis.com/quote/bvmf/BBDC4/financials/income-statement/,2026-09-06,"cobertura_receita_financeira | ""Revenue: 78,885"" (tabela anual FY 2024; rodape da pagina: ""Financials in millions BRL."")"
001023,2012,ativo_total,1150000000000,0.001,DIVERGENCIA_FONTE,BCO BRASIL S.A.,noticia,https://bancariospb.com.br/banco-do-brasil-tem-lucro-recorde-nominal-de-r-1220-bilhoes-em-2012/,2026-09-06,"base_ou_safra_diferente | 'Os ativos totais atingiram R$ 1,150 trilhao em dezembro de 2012, aumento de 17,2%' (o release do BB usa a mesma redacao: 'alcancando ao final de 2012 o valor de R$ 1,15 trilhao, e"
001023,2012,lucro_liquido,12205000000,0.001,DIVERGENCIA_FONTE,BCO BRASIL S.A.,noticia,https://bancariospb.com.br/banco-do-brasil-tem-lucro-recorde-nominal-de-r-1220-bilhoes-em-2012/,2026-09-06,"base_ou_safra_diferente | 'lucro liquido recorde nominal de R$ 12,205 bilhoes' (materia reproduzindo o release do BB; o proprio BB titula 'BB tem lucro liquido recorde nominal de R$ 12,2 bilhoes em 2012' em"
001023,2012,patrimonio_liquido,66070000000,0.001,DIVERGENCIA_FONTE,BCO BRASIL S.A.,noticia,https://bancariospb.com.br/banco-do-brasil-tem-lucro-recorde-nominal-de-r-1220-bilhoes-em-2012/,2026-09-06,"base_ou_safra_diferente | 'patrimonio liquido em dezembro de 2012 ficou em R$ 66,070 bilhoes'."
001023,2024,ativo_total,2398719000000,0.001,TRAVA,BCO BRASIL S.A.,relatorio_anual,https://www.marketscreener.com/quote/stock/BANCO-DO-BRASIL-S-A-6494540/news/Banco-do-Brasil-S-A-Dados-Economico-Financeiros-49105463/,2026-09-06,"Relatorio da Administracao 2024 do BB: 'Assets: 2,398,719' (R$ milhoes em dezembro de 2024). Bate ate o ultimo milhar com a conta BPA '1 Ativo Total' = 2,39872e12 do DFP CONSOLIDAD"
001023,2024,lucro_liquido,29172000000,0.001,TRAVA,BCO BRASIL S.A.,relatorio_anual,https://www.marketscreener.com/quote/stock/BANCO-DO-BRASIL-S-A-6494540/news/Banco-do-Brasil-S-A-Dados-Economico-Financeiros-49105463/,2026-09-06,"'we recorded a net income of R$29.2 billion' e, na tabela do mesmo Relatorio da Administracao, 'Net Income: 29,172' (2024) contra '33,166' (2023), sob o cabecalho 'Consolidated Fin"
001023,2024,patrimonio_liquido,184236000000,0.001,TRAVA,BCO BRASIL S.A.,relatorio_anual,https://www.marketscreener.com/quote/stock/BANCO-DO-BRASIL-S-A-6494540/news/Banco-do-Brasil-S-A-Dados-Economico-Financeiros-49105463/,2026-09-06,"Relatorio da Administracao 2024 do BB: 'Shareholders Equity: 184,236' (R$ milhoes em dezembro de 2024)."
001023,2024,receita_liquida,104514000000,0.001,DEFEITO_ABERTO,BCO BRASIL S.A.,relatorio_anual,https://www.marketscreener.com/quote/stock/BANCO-DO-BRASIL-S-A-6494540/news/Banco-do-Brasil-S-A-Dados-Economico-Financeiros-49105463/,2026-09-06,"cobertura_receita_financeira | Relatorio da Administracao 2024 do BB (Consolidated Financial Statements Results): 'Receitas - Intermediacao Financeira: 104,514' (R$ milhoes em 2024); 'Receitas - Comissoes e Taxa"
001210,2024,ativo_total,147937000000,0.001,TRAVA,BANRISUL - BANCO DO ESTADO DO RIO GRANDE DO SUL SA,site_fundamentalista,https://stockanalysis.com/quote/bvmf/BRSR6/financials/balance-sheet/,2026-09-06,"Financials in millions BRL — ""Total Assets"" = 147,937 (FY2024, fiscal year ending December 31, 2024)"
001210,2024,lucro_liquido,727250000,0.001,DIVERGENCIA_FONTE,BANRISUL - BANCO DO ESTADO DO RIO GRANDE DO SUL SA,site_fundamentalista,https://stockanalysis.com/quote/bvmf/BRSR6/financials/,2026-09-06,"definicao_da_referencia | rebaixado de TRAVA em 2026-09-08. O agregador publica um unico ""Net Income"" = 727.25 (milhoes BRL) e ele e, por definicao, a parcela dos CONTROLADORES: o mart traz controladores 727.253.000 (desvio 4e-06) contra consolidado 727.798.000 (desvio 7,5e-04). A linha passava na tolerancia de 0,1% por folga, nao por acerto de conceito, e portanto nao testava o consolidado. Requalificar exige fonte primaria do lucro consolidado do Banrisul em 2024, ainda nao obtida."
001210,2024,lucro_liquido_controladores,727250000,0.001,TRAVA,BANRISUL - BANCO DO ESTADO DO RIO GRANDE DO SUL SA,site_fundamentalista,https://stockanalysis.com/quote/bvmf/BRSR6/financials/,2026-09-06,"promovida de DEFEITO_ABERTO em 2026-09-07 (bloco multiplo resolvido pela identidade) | bloco_multiplo_suprime_valor_correto | Financials in millions BRL — ""Net Income:"" ""727.25""; ""Revenue:"" ""6,720""; ""Earnings Per Share (EPS):"" ""1.78"" (FY2024)"
001210,2024,patrimonio_liquido,10419000000,0.001,TRAVA,BANRISUL - BANCO DO ESTADO DO RIO GRANDE DO SUL SA,site_fundamentalista,https://stockanalysis.com/quote/bvmf/BRSR6/financials/balance-sheet/,2026-09-06,"Financials in millions BRL — ""Shareholders' Equity"" = 10,419 e ""Minority Interest"" = 3.71 (FY2024)"
001210,2024,receita_liquida,6720000000,0.001,DEFEITO_ABERTO,BANRISUL - BANCO DO ESTADO DO RIO GRANDE DO SUL SA,site_fundamentalista,https://stockanalysis.com/quote/bvmf/BRSR6/financials/,2026-09-06,"cobertura_receita_financeira | Financials in millions BRL — ""Revenue:"" ""6,720"" (FY2024). Obs.: e um construto de 'revenue de banco' do agregador, nao uma linha publicada pelo Banrisul."
002437,2011,ativo_total,163142432000,0.001,TRAVA,CENTRAIS ELET BRAS S.A. - ELETROBRAS,relatorio_anual,https://www.sec.gov/Archives/edgar/data/0001439124/000119312512242237/d350457d20f.htm,2026-09-06,"Eletrobras' consolidated total assets as of December 31, 2011 were 163,142,432 thousand Reais [balanço patrimonial consolidado, Form 20-F FY2011]"
002437,2011,lucro_liquido,3762019000,0.001,TRAVA,CENTRAIS ELET BRAS S.A. - ELETROBRAS,relatorio_anual,https://www.sec.gov/Archives/edgar/data/0001439124/000119312512242237/d350457d20f.htm,2026-09-06,"""Net income for the year"" – 3,762,019 (R$ thousands)"
002437,2011,lucro_liquido_controladores,3732565000,0.001,TRAVA,CENTRAIS ELET BRAS S.A. - ELETROBRAS,relatorio_anual,https://www.sec.gov/Archives/edgar/data/0001439124/000119312512242237/d350457d20f.htm,2026-09-06,"""Attributable to controlling shareholders"" – 3,732,565 (R$ thousands)"
002437,2011,patrimonio_liquido,77202321000,0.001,TRAVA,CENTRAIS ELET BRAS S.A. - ELETROBRAS,relatorio_anual,https://www.sec.gov/Archives/edgar/data/0001439124/000119312512242237/d350457d20f.htm,2026-09-06,"""Total shareholders' equity"" – 77,202,321 (R$ thousands); ""Non-controlling shareholders' interest"" – 358,812 (R$ thousands)"
002437,2011,receita_liquida,29532744000,0.001,DEFEITO_ABERTO,CENTRAIS ELET BRAS S.A. - ELETROBRAS,relatorio_anual,https://www.sec.gov/Archives/edgar/data/0001439124/000119312512242237/d350457d20f.htm,2026-09-06,"conta_3_01_traz_receita_bruta | ""Net operating revenue"" – 29,532,744 (R$ thousands) [demonstração do resultado consolidado de 2011, Form 20-F FY2011 da Centrais Elétricas Brasileiras S.A.]"
003891,2023,lucro_liquido,23044000,0.005,TRAVA,FINANCEIRA ALFA S.A.- CRED FINANC E INVS,relatorio_anual,https://bancoalfa.com.br/institucional/downloads/1_5587.pdf,2026-09-08,"Proposta da Administracao, fevereiro de 2024, pagina 3 de 70, secao ""II Demonstracoes Financeiras Segundo os Padroes Internacionais (IFRS)"": ""Informamos a seguir os detalhes das demonstracoes financeiras consolidadas da Sociedade ... O lucro liquido foi de R$ 23,0 milhoes"". A secao I, padroes do Banco Central, traz R$ 18,4 milhoes para a base individual: sao coisas diferentes no mesmo documento. Tolerancia 0,5% porque a fonte arredonda para uma casa em milhoes."
003891,2023,lucro_liquido_controladores,18578000,0.001,TRAVA,FINANCEIRA ALFA S.A.- CRED FINANC E INVS,dfp_interno,https://bancoalfa.com.br/institucional/downloads/1_5587.pdf,2026-09-08,"TRAVA DE REGRESSAO INTERNA, nao confirmacao externa -- fonte_tipo corrigido de relatorio_anual para dfp_interno em 2026-09-08. O DFP traz o bloco 3.09 = 23.044.000 com 3.09.01 = 18.578.000 e 3.09.02 = 4.466.000, identidade fechando exatamente, e o TOTAL consolidado IFRS esta confirmado em documento (ver a linha lucro_liquido do mesmo ano). A CISAO controladores/nao controladores NAO foi confirmada fora do DFP: A cisao controladores/nao controladores nao aparece no texto-resumo dessa pagina: ela se apoia no bloco do proprio DFP. O mart publicava NULL porque o seed elege 3.11.01, que a fonte preencheu com zero -- a descricao de 3.09.01 tem NBSP nas pontas e nao casa com a chave do seed."
003980,2011,ativo_total,49981794000,0.001,TRAVA,GERDAU S.A.,relatorio_anual,https://www.sec.gov/Archives/edgar/data/1073404/000110465912027435/a12-9679_120f.htm,2026-09-06,"""Property, plant and equipment, net 9 17,295,071 16,171,560 32,662,645 29,945,316 TOTAL ASSETS 49,981,794 42,891,260"" (In thousands of Brazilian reais)"
003980,2011,lucro_liquido,2097576000,0.001,TRAVA,GERDAU S.A.,relatorio_anual,https://www.sec.gov/Archives/edgar/data/1073404/000110465912027435/a12-9679_120f.htm,2026-09-06,"""NET INCOME 2,097,576 2,457,379 1,004,508 ATTRIBUTABLE TO: Owners of the parent 2,005,727 2,142,488 1,121,966 Non-controlling interests 91,849 314,891 (117,458)"" (In thousands of B"
003980,2011,lucro_liquido_controladores,2005727000,0.001,TRAVA,GERDAU S.A.,relatorio_anual,https://www.sec.gov/Archives/edgar/data/1073404/000110465912027435/a12-9679_120f.htm,2026-09-06,"""NET INCOME 2,097,576 ... ATTRIBUTABLE TO: Owners of the parent 2,005,727 ... Non-controlling interests 91,849""; e na DMPL: ""2011 Changes in Equity Net income - - - - 2,005,727 - -"
003980,2011,patrimonio_liquido,26519803000,0.001,TRAVA,GERDAU S.A.,relatorio_anual,https://www.sec.gov/Archives/edgar/data/1073404/000110465912027435/a12-9679_120f.htm,2026-09-06,"""EQUITY ATTRIBUTABLE TO THE EQUITY HOLDERS OF THE PARENT 24,997,469 19,470,442 NON-CONTROLLING INTERESTS 1,522,334 677,173 EQUITY 26,519,803 20,147,615 TOTAL LIABILITIES AND EQUITY"
003980,2011,receita_liquida,35406780000,0.001,TRAVA,GERDAU S.A.,relatorio_anual,https://www.sec.gov/Archives/edgar/data/1073404/000110465912027435/a12-9679_120f.htm,2026-09-06,"""GERDAU S.A. CONSOLIDATED STATEMENTS OF INCOME for the years ended December 31, 2011, 2010 and 2009 In thousands of Brazilian reais (R$) Note 2011 2010 2009 NET SALES 23 35,406,780"
003980,2024,ativo_total,86814493000,0.001,TRAVA,GERDAU S.A.,relatorio_anual,https://data.sec.gov/api/xbrl/companyconcept/CIK0001073404/ifrs-full/Assets.json,2026-09-06,"""entityName"":""GERDAU S.A."" ... ""tag"":""Assets"" ... {""end"":""2024-12-31"",""val"":86814493000,""accn"":""0001410578-25-000353"",""form"":""20-F"",""filed"":""2025-03-14""}"
003980,2024,lucro_liquido,4599062000,0.001,TRAVA,GERDAU S.A.,relatorio_anual,https://data.sec.gov/api/xbrl/companyconcept/CIK0001073404/ifrs-full/ProfitLoss.json,2026-09-06,"""entityName"":""GERDAU S.A."" ... ""tag"":""ProfitLoss"" ... {""start"":""2024-01-01"",""end"":""2024-12-31"",""val"":4599062000,""accn"":""0001410578-25-000353"",""form"":""20-F"",""filed"":""2025-03-14""}"
003980,2024,lucro_liquido_controladores,4566317000,0.001,TRAVA,GERDAU S.A.,relatorio_anual,https://data.sec.gov/api/xbrl/companyconcept/CIK0001073404/ifrs-full/ProfitLossAttributableToOwnersOfParent.json,2026-09-06,"""entityName"":""GERDAU S.A."" ... ""tag"":""ProfitLossAttributableToOwnersOfParent"" ... {""start"":""2024-01-01"",""end"":""2024-12-31"",""val"":4566317000,""accn"":""0001410578-25-000353"",""form"":""20"
003980,2024,patrimonio_liquido,58173786000,0.001,TRAVA,GERDAU S.A.,relatorio_anual,https://data.sec.gov/api/xbrl/companyconcept/CIK0001073404/ifrs-full/Equity.json,2026-09-06,"""entityName"":""GERDAU S.A."" ... ""tag"":""Equity"" ... {""end"":""2024-12-31"",""val"":58173786000,""accn"":""0001410578-25-000353"",""form"":""20-F"",""filed"":""2025-03-14""} | e o par ifrs-full:Equity"
003980,2024,receita_liquida,67026656000,0.001,TRAVA,GERDAU S.A.,relatorio_anual,https://data.sec.gov/api/xbrl/companyconcept/CIK0001073404/ifrs-full/Revenue.json,2026-09-06,"""entityName"":""GERDAU S.A."" ... ""tag"":""Revenue"" ... {""start"":""2024-01-01"",""end"":""2024-12-31"",""val"":67026656000,""accn"":""0001410578-25-000353"",""fy"":2024,""fp"":""FY"",""form"":""20-F"",""filed"
004170,2011,ativo_total,237088552000,0.001,DIVERGENCIA_FONTE,VALE S.A.,relatorio_anual,https://vale.com/documents/44618/2146054/Formul%C3%A1rio+de+Refer%C3%AAncia+2013.pdf/2ef22814-ed66-d467-55fa-94608ad4ce14?version=1.0&t=1669150685427,2026-09-06,"base_ou_safra_diferente | Item ""3.1 - Informações Financeiras - Consolidado"", coluna ""Exercício social (31/12/2011)"": ""Ativo Total 237.088.552.000,00"""
004170,2011,lucro_liquido,37419857000,0.001,TRAVA,VALE S.A.,relatorio_anual,https://vale.com/documents/44618/2146054/Formul%C3%A1rio+de+Refer%C3%AAncia+2013.pdf/2ef22814-ed66-d467-55fa-94608ad4ce14?version=1.0&t=1669150685427,2026-09-06,"Item 3.2.b, tabela ""em R$ milhares — Exercício social encerrado em 31 de dezembro de"", coluna 2011: ""Lucro líquido do período/exercício 37.419.857"" e, na linha seguinte, ""Prejuízo "
004170,2011,lucro_liquido_controladores,37813724944,0.001,TRAVA,VALE S.A.,relatorio_anual,https://vale.com/documents/44618/2146054/Formul%C3%A1rio+de+Refer%C3%AAncia+2013.pdf/2ef22814-ed66-d467-55fa-94608ad4ce14?version=1.0&t=1669150685427,2026-09-06,"Item 3.4.b, coluna 2011: ""Do total de R$37.813.724.944,02, após a dedução de reserva legal no valor de R$1.890.686.247,20, o montante de R$25.864.330.899,53 (68,4%) foi destinado à"
004170,2011,patrimonio_liquido,145383333000,0.001,DIVERGENCIA_FONTE,VALE S.A.,relatorio_anual,https://vale.com/documents/44618/2146054/Formul%C3%A1rio+de+Refer%C3%AAncia+2013.pdf/2ef22814-ed66-d467-55fa-94608ad4ce14?version=1.0&t=1669150685427,2026-09-06,"base_ou_safra_diferente | Item ""3.1 - Informações Financeiras - Consolidado"", coluna ""Exercício social (31/12/2011)"": ""Patrimônio Líquido 145.383.333.000,00"""
004170,2011,receita_liquida,102020000000,0.001,DIVERGENCIA_FONTE,VALE S.A.,site_fundamentalista,https://investimentos.com.br/ativo/vale3/resultados/,2026-09-06,"base_ou_safra_diferente | Tabela DRE anual, coluna 2011: ""Receita Líquida"": 102,02 B. (O Formulário de Referência 2013 da Vale, item 3.1, traz para o exercício 31/12/2011 ""Rec. Liq./Rec. Intermed. Fin./Prem"
004170,2024,ativo_total,496325000000,0.001,TRAVA,VALE S.A.,release_da_empresa,https://www.sec.gov/Archives/edgar/data/917851/000129281425000452/valedfbrgaap4q24_6k.htm,2026-09-06,"""Total assets"" = R$ 496.325 milhões (Statement of Financial Position, 31/12/2024)"
004170,2024,lucro_liquido,30431000000,0.001,TRAVA,VALE S.A.,release_da_empresa,https://www.sec.gov/Archives/edgar/data/917851/000129281425000452/valedfbrgaap4q24_6k.htm,2026-09-06,"""Net income"" = R$ 30.431 milhões; e a linha ""(Loss) net income attributable to noncontrolling interests"" = (R$ 1.161 milhões). Corroborado por https://investimentos.com.br/ativo/va"
004170,2024,lucro_liquido_controladores,31592000000,0.001,TRAVA,VALE S.A.,release_da_empresa,https://www.sec.gov/Archives/edgar/data/917851/000129281425000452/valedfbrgaap4q24_6k.htm,2026-09-06,"""Net income attributable to Vale S.A.'s shareholders"" = R$ 31.592 milhões. Corroborado por https://revistamineracao.com.br/2025/02/20/vale-registra-lucro-31-bilhoes-reais-2024/ : """
004170,2024,patrimonio_liquido,213720000000,0.001,TRAVA,VALE S.A.,release_da_empresa,https://www.sec.gov/Archives/edgar/data/917851/000129281425000452/valedfbrgaap4q24_6k.htm,2026-09-06,"""Total equity"" = R$ 213.720 milhões; ""Equity attributable to Vale S.A.'s shareholders"" = R$ 206.772 milhões (Statement of Financial Position, 31/12/2024)"
004170,2024,receita_liquida,206005000000,0.001,TRAVA,VALE S.A.,release_da_empresa,https://www.sec.gov/Archives/edgar/data/917851/000129281425000452/valedfbrgaap4q24_6k.htm,2026-09-06,"""Net operating revenue"" = R$ 206.005 milhões (Income Statement, exercício findo em 31/12/2024, consolidado, BR GAAP em reais)"
004820,2024,ativo_total,101575000000,0.001,TRAVA,BRASKEM S.A.,relatorio_anual,https://api.mziq.com/mzfilemanager/v2/d/540b55c5-af99-45f7-a772-92665eb948e9/8609c855-6bc0-cafc-588a-b533f163e2a0?origin=2,2026-09-06,"'Total do ativo 81.879 101.575 63.605 86.095' (Consolidado 2025 | Consolidado 2024 | Controladora 2025 | Controladora 2024, R$ milhoes) e 'Total do passivo e patrimonio liquido 81."
004820,2024,lucro_liquido,-12052000000,0.001,TRAVA,BRASKEM S.A.,relatorio_anual,https://api.mziq.com/mzfilemanager/v2/d/540b55c5-af99-45f7-a772-92665eb948e9/8609c855-6bc0-cafc-588a-b533f163e2a0?origin=2,2026-09-06,'Prejuizo do exercicio (10.961) (12.052) (9.880) (11.320)' seguido de 'Atribuivel a: Acionistas da Companhia (9.880) (11.320) ... Participacao de acionistas nao controladores em co
004820,2024,lucro_liquido_controladores,-11320000000,0.001,TRAVA,BRASKEM S.A.,relatorio_anual,https://api.mziq.com/mzfilemanager/v2/d/540b55c5-af99-45f7-a772-92665eb948e9/8609c855-6bc0-cafc-588a-b533f163e2a0?origin=2,2026-09-06,"'Atribuivel a: Acionistas da Companhia (9.880) (11.320) (9.880) (11.320)' — coluna Consolidado 2024 = (11.320) R$ milhoes. No release, a linha vem com nota de rodape explicita: 'Lu"
004820,2024,patrimonio_liquido,-4278000000,0.001,TRAVA,BRASKEM S.A.,relatorio_anual,https://api.mziq.com/mzfilemanager/v2/d/540b55c5-af99-45f7-a772-92665eb948e9/8609c855-6bc0-cafc-588a-b533f163e2a0?origin=2,2026-09-06,"Balanco patrimonial, 'Passivo e patrimonio liquido Nota 2025 2024 2025 2024' (Consolidado | Controladora): 'Patrimonio liquido 25 ... Total atribuivel aos acionistas da Companhia ("
004820,2024,receita_liquida,77411000000,0.001,TRAVA,BRASKEM S.A.,relatorio_anual,https://api.mziq.com/mzfilemanager/v2/d/540b55c5-af99-45f7-a772-92665eb948e9/8609c855-6bc0-cafc-588a-b533f163e2a0?origin=2,2026-09-06,"Demonstracao do resultado (R$ milhoes), colunas 'Consolidado 2025 | 2024' e 'Controladora 2025 | 2024': 'Receita liquida de vendas e servicos 27 70.717 77.411 50.687 53.014'. O val"
005410,2023,ativo_total,31496000000,0.001,TRAVA,WEG S.A.,site_fundamentalista,https://stockanalysis.com/quote/bvmf/WEGE3/financials/balance-sheet/,2026-09-06,"FY 2023, BRL in millions: ""Total Assets: 31,496"""
005410,2023,lucro_liquido,5867620000,0.001,TRAVA,WEG S.A.,site_fundamentalista,https://www.investing.com/equities/weg-on-ej-nm-income-statement,2026-09-06,"DRE anual 31/12/2023, BRL milhoes, linhas consecutivas: ""Minority Interest | -135.95"" e ""Net Income | 5,731.67"". Valor consolidado DERIVADO pela soma 5,731.67 + 135.95 = 5,867.62; "
005410,2023,lucro_liquido_controladores,5731000000,0.001,TRAVA,WEG S.A.,noticia,https://www.diariodajaragua.com.br/economia/weg-anuncia-lucro-de-r-5731-bilhoes-em-2023/478961/,2026-09-06,"""lucro de R$ 5,731 bilhoes"" e ""faturamento total de R$ 32,503 bilhoes"""
005410,2023,patrimonio_liquido,17855000000,0.001,TRAVA,WEG S.A.,site_fundamentalista,https://stockanalysis.com/quote/bvmf/WEGE3/financials/balance-sheet/,2026-09-06,"FY 2023, BRL in millions: ""Total Shareholders' Equity: 17,855"" e ""Minority Interest: 512.69"". 17,855 - 512.69 = 17,342.3, batendo com patrimonio_liquido_controladores do mart (17.3"
005410,2023,receita_liquida,32503600000,0.001,TRAVA,WEG S.A.,site_fundamentalista,https://www.investing.com/equities/weg-on-ej-nm-income-statement,2026-09-06,"Tabela anual do exercicio encerrado em 31/12/2023, em milhoes de BRL: ""Total Revenues | 32,503.60"""
008656,2024,ativo_total,86949000000,0.001,TRAVA,METALURGICA GERDAU S.A.,site_fundamentalista,https://stockanalysis.com/quote/bvmf/GOAU4/financials/balance-sheet/,2026-09-06,"Metalurgica Gerdau — Balance Sheet, FY 2024 (Dec 31, 2024), millions BRL: 'Total Assets 86.949 ... Total Liabilities (28.695) + Shareholders' Equity (58.254) = 86.949'"
008656,2024,lucro_liquido_controladores,1545000000,0.001,TRAVA,METALURGICA GERDAU S.A.,site_fundamentalista,https://stockanalysis.com/quote/bvmf/GOAU4/financials/,2026-09-06,"Metalurgica Gerdau (GOAU4), FY 2024 (Dec 31, 2024): 'Revenue 67,027 ... Net Income 1,545 ... Earnings Per Share (EPS) 1.14' (millions BRL). Trimestral 2024 na mesma fonte: Q1 685.7"
008656,2024,patrimonio_liquido,58254000000,0.001,TRAVA,METALURGICA GERDAU S.A.,site_fundamentalista,https://stockanalysis.com/quote/bvmf/GOAU4/financials/balance-sheet/,2026-09-06,"Metalurgica Gerdau — Balance Sheet, FY 2024 (Dec 31, 2024), millions BRL: 'Total Assets 86.949 | Total Liabilities 28.695 | Total Common Equity 20.036 | Minority Interest 38.218 | "
008656,2024,receita_liquida,67027000000,0.001,TRAVA,METALURGICA GERDAU S.A.,site_fundamentalista,https://stockanalysis.com/quote/bvmf/GOAU4/financials/,2026-09-06,"Metalurgica Gerdau (GOAU4) — Income Statement, 'Financials in millions BRL. Fiscal year is January - December.' | FY 2024 (Dec 31, 2024): Revenue 67,027; Gross Profit 9,203; Operat"
009067,2024,ativo_total,166106723000,0.001,TRAVA,SUZANO HOLDING S.A.,relatorio_anual,https://cdn.prod.website-files.com/6897987a448e952a9e762d96/691392db1bd4aa3a2cbcaa76_DFs%20e%20notas%20SH%2031.12.24%20ASSINADO.pdf,2026-09-06,"Balanço patrimonial (Em milhares de reais): ""Total do ativo circulante 42.346.172 38.624.387 787.529 408.754 | Total do ativo não circulante 123.760.551 105.030.636 9.590.079 12.75"
009067,2024,lucro_liquido,-7092255000,0.001,TRAVA,SUZANO HOLDING S.A.,relatorio_anual,https://cdn.prod.website-files.com/6897987a448e952a9e762d96/691392db1bd4aa3a2cbcaa76_DFs%20e%20notas%20SH%2031.12.24%20ASSINADO.pdf,2026-09-06,"""RESULTADO LÍQUIDO DO EXERCÍCIO (7.092.255) 14.068.548 (2.111.606) 3.949.227"" — as duas primeiras colunas são Consolidado (2024, 2023) e as duas últimas Controladora. Logo abaixo: "
009067,2024,lucro_liquido_controladores,-2111606000,0.001,TRAVA,SUZANO HOLDING S.A.,relatorio_anual,https://cdn.prod.website-files.com/6897987a448e952a9e762d96/691392db1bd4aa3a2cbcaa76_DFs%20e%20notas%20SH%2031.12.24%20ASSINADO.pdf,2026-09-06,"""Atribuível aos acionistas | Não controladores (4.980.649) 10.119.321 | Controladores (2.111.606) 3.949.227 (2.111.606) 3.949.227"". Também na nota de segmentos: ""Resultado atribuív"
009067,2024,patrimonio_liquido,32479559000,0.001,TRAVA,SUZANO HOLDING S.A.,relatorio_anual,https://cdn.prod.website-files.com/6897987a448e952a9e762d96/691392db1bd4aa3a2cbcaa76_DFs%20e%20notas%20SH%2031.12.24%20ASSINADO.pdf,2026-09-06,"Balanço patrimonial (Em milhares de reais), colunas Consolidado / Controladora: ""PATRIMÔNIO LÍQUIDO 24 | Capital social 5.775.670 4.775.670 5.775.670 4.775.670 | ... | Participaçõe"
009067,2024,receita_liquida,47405389000,0.001,TRAVA,SUZANO HOLDING S.A.,relatorio_anual,https://cdn.prod.website-files.com/6897987a448e952a9e762d96/691392db1bd4aa3a2cbcaa76_DFs%20e%20notas%20SH%2031.12.24%20ASSINADO.pdf,2026-09-06,"Suzano Holding S.A. — Demonstração do Resultado — Exercícios findos em (Em milhares de reais) | Nota 31/12/2024 31/12/2023 (colunas Consolidado / Controladora) | ""RECEITA LÍQUIDA 2"
009512,2011,ativo_total,599150000000,0.001,TRAVA,PETROLEO BRASILEIRO S.A. PETROBRAS,release_da_empresa,https://www.sec.gov/Archives/edgar/data/0001119639/000129281412000431/pbrarmfifrs4q11_6k.htm,2026-09-06,"""Total assets: 599,150"" (R$ milhoes, 31/12/2011, secao Balance Sheet Data Consolidated)"
009512,2011,lucro_liquido,33110000000,0.001,TRAVA,PETROLEO BRASILEIRO S.A. PETROBRAS,release_da_empresa,https://www.sec.gov/Archives/edgar/data/0001119639/000129281412000431/pbrarmfifrs4q11_6k.htm,2026-09-06,"""Consolidated net income: 33,110"" (R$ milhoes); ""Net income attributable to Non-controlling interests: (203)"". O 6-K do 4T12 repete o comparativo: ""Net income for the year ... comp"
009512,2011,lucro_liquido_controladores,33313000000,0.001,TRAVA,PETROLEO BRASILEIRO S.A. PETROBRAS,release_da_empresa,https://www.sec.gov/Archives/edgar/data/0001119639/000129281412000431/pbrarmfifrs4q11_6k.htm,2026-09-06,"""Net income attributable to Shareholders of Petrobras: 33,313"" (R$ milhoes). Imprensa (arredondada e SEM rotular a base): ""O resultado liquido da Petrobras ... caiu 5,8%, em 2011, "
009512,2011,patrimonio_liquido,332224000000,0.001,TRAVA,PETROLEO BRASILEIRO S.A. PETROBRAS,release_da_empresa,https://www.sec.gov/Archives/edgar/data/0001119639/000129281413000199/pbrarmf4q12rs_6k.htm,2026-09-06,"6-K do 4T12, coluna comparativa do balanco: ""Total equity ... comparativo 31/12/2011: 332,224"" (R$ milhoes). O mart traz patrimonio_liquido_controladores = 329.838.881.000, e 329,8"
009512,2011,receita_liquida,244176000000,0.001,TRAVA,PETROLEO BRASILEIRO S.A. PETROBRAS,release_da_empresa,https://www.sec.gov/Archives/edgar/data/0001119639/000129281412000431/pbrarmfifrs4q11_6k.htm,2026-09-06,"""Sales revenues: 244,176"" (R$ milhoes, ano cheio 2011). Confirmado tambem por noticia: ""A receita liquida da Petrobras atingiu os 244,176 mil milhoes de reais (106,7 mil milhoes de"
009512,2012,ativo_total,677716000000,0.001,TRAVA,PETROLEO BRASILEIRO S.A. PETROBRAS,release_da_empresa,https://www.sec.gov/Archives/edgar/data/0001119639/000129281413000199/pbrarmf4q12rs_6k.htm,2026-09-06,"""Total assets: 677,716"" (R$ milhoes, 31/12/2012; comparativo 31/12/2011 reapresentado: 600,097)"
009512,2012,lucro_liquido,20959000000,0.001,TRAVA,PETROLEO BRASILEIRO S.A. PETROBRAS,release_da_empresa,https://www.sec.gov/Archives/edgar/data/0001119639/000129281413000199/pbrarmf4q12rs_6k.htm,2026-09-06,"""Net income for the year (consolidated): 20,959"" (R$ milhoes; comparativo 2011: 33,110); ""Net income attributable to Non-controlling interests: (223)"""
009512,2012,lucro_liquido_controladores,21182000000,0.001,TRAVA,PETROLEO BRASILEIRO S.A. PETROBRAS,release_da_empresa,https://www.sec.gov/Archives/edgar/data/0001119639/000129281413000199/pbrarmf4q12rs_6k.htm,2026-09-06,"""Net income attributable to Shareholders of Petrobras: 21,182"" (R$ milhoes). ATENCAO: a imprensa chama esse mesmo numero de consolidado — ""A Petrobras encerrou 2012 com queda de 36"
009512,2012,patrimonio_liquido,345433000000,0.001,TRAVA,PETROLEO BRASILEIRO S.A. PETROBRAS,release_da_empresa,https://www.sec.gov/Archives/edgar/data/0001119639/000129281413000199/pbrarmf4q12rs_6k.htm,2026-09-06,"""Total equity (balance sheet 31/12/2012): 345,433"" (R$ milhoes); participacao nao controladora 2,354, logo atribuivel aos controladores 343,079 — o mart traz 343.079.673.000, exato"
009512,2012,receita_liquida,281379000000,0.001,TRAVA,PETROLEO BRASILEIRO S.A. PETROBRAS,release_da_empresa,https://www.sec.gov/Archives/edgar/data/0001119639/000129281413000199/pbrarmf4q12rs_6k.htm,2026-09-06,"""Sales revenues (ano completo 2012): 281,379"" (R$ milhoes; comparativo 2011: 244,176). Noticia confirma: ""A queda nos resultados ocorreu apesar do aumento de 15% na receita com ven"
009512,2024,ativo_total,1124797000000,0.001,TRAVA,PETROLEO BRASILEIRO S.A. PETROBRAS,release_da_empresa,https://www.sec.gov/Archives/edgar/data/1119639/000129281425000670/pbrfs4q24rs_6k.htm,2026-09-06,"""Total assets 1,124,797"" (STATEMENT OF FINANCIAL POSITION, 2024)"
009512,2024,lucro_liquido,37009000000,0.001,TRAVA,PETROLEO BRASILEIRO S.A. PETROBRAS,release_da_empresa,https://www.sec.gov/Archives/edgar/data/1119639/000129281425000670/pbrfs4q24rs_6k.htm,2026-09-06,"""Net income of the year 37,009"" (STATEMENT OF INCOME, 2024); a mesma demonstracao abre em ""Shareholders of Petrobras 36,606"" e ""Non-controlling interests 403"""
009512,2024,lucro_liquido_controladores,36606000000,0.001,TRAVA,PETROLEO BRASILEIRO S.A. PETROBRAS,release_da_empresa,https://www.sec.gov/Archives/edgar/data/1119639/000129281425000670/pbrfs4q24rs_6k.htm,2026-09-06,"""Shareholders of Petrobras 36,606"" (STATEMENT OF INCOME, 2024). Imprensa confirma arredondado: ""lucro liquido de R$ 36,6 bilhoes (US$ 7,5 bilhoes)"" (agencia.petrobras.com.br)"
009512,2024,patrimonio_liquido,367514000000,0.001,TRAVA,PETROLEO BRASILEIRO S.A. PETROBRAS,release_da_empresa,https://www.sec.gov/Archives/edgar/data/1119639/000129281425000670/pbrfs4q24rs_6k.htm,2026-09-06,"""Total equity 367,514"" (STATEMENT OF FINANCIAL POSITION, 2024); ""Attributable to the shareholders of Petrobras 366,006"" (STATEMENT OF CHANGES IN SHAREHOLDERS' EQUITY) — o mart traz"
009512,2024,receita_liquida,490829000000,0.001,TRAVA,PETROLEO BRASILEIRO S.A. PETROBRAS,release_da_empresa,https://www.sec.gov/Archives/edgar/data/1119639/000129281425000670/pbrfs4q24rs_6k.htm,2026-09-06,"""Sales revenues 490,829"" (STATEMENT OF INCOME, 2024) — R$ milhoes"
014443,2023,ativo_total,61470957000,0.001,TRAVA,SABESP - CIA SANEAMENTO BASICO EST SAO PAULO,relatorio_anual,https://data.sec.gov/api/xbrl/companyconcept/CIK0001170858/ifrs-full/Assets.json,2026-09-06,"{""tag"":""Assets"", ... {""end"":""2023-12-31"",""val"":61470957000,""accn"":""0001292814-24-001825"",""fy"":2023,""form"":""20-F""}, {""end"":""2023-12-31"",""val"":61470957000,""accn"":""0001292814-25-00180"
014443,2023,lucro_liquido,3523531000,0.001,TRAVA,SABESP - CIA SANEAMENTO BASICO EST SAO PAULO,relatorio_anual,https://www.sec.gov/Archives/edgar/data/1170858/000129281425001804/R3.htm,2026-09-06,"Consolidated Statements of Income ... Dec. 31, 2023 | Profit for the year | 3,523,531 (R$ in Thousands). Confirmado no 20-F FY2023 (accn 0001292814-24-001825) via ifrs-full:ProfitL"
014443,2023,lucro_liquido_controladores,3523531000,0.001,DEFEITO_ABERTO,SABESP - CIA SANEAMENTO BASICO EST SAO PAULO,relatorio_anual,https://www.sec.gov/Archives/edgar/data/1170858/000129281425001804/R3.htm,2026-09-06,"split_nao_informado | Consolidated Statements of Income ... Dec. 31, 2023 | Profit for the year | 3,523,531. Sem linha de atribuicao; balanco Dec. 31, 2023: Capital stock 15,000,000 / Earnings reserves "
014443,2023,patrimonio_liquido,29857376000,0.001,TRAVA,SABESP - CIA SANEAMENTO BASICO EST SAO PAULO,relatorio_anual,https://data.sec.gov/api/xbrl/companyconcept/CIK0001170858/ifrs-full/Equity.json,2026-09-06,"{""tag"":""Equity"", ... {""end"":""2023-12-31"",""val"":29857376000,""accn"":""0001292814-24-001825"",""fy"":2023,""form"":""20-F""}, {""end"":""2023-12-31"",""val"":29857376000,""accn"":""0001292814-25-00180"
014443,2023,receita_liquida,25572056000,0.001,TRAVA,SABESP - CIA SANEAMENTO BASICO EST SAO PAULO,relatorio_anual,https://www.sec.gov/Archives/edgar/data/1170858/000129281425001804/R3.htm,2026-09-06,"Consolidated Statements of Income - BRL (R$) R$ in Thousands | 12 Months Ended | Dec. 31, 2023 | Net operating revenue | R$ 25,572,056. Confirmado tambem no 20-F FY2023 (accn 00012"
014443,2024,ativo_total,80965430000,0.001,TRAVA,SABESP - CIA SANEAMENTO BASICO EST SAO PAULO,relatorio_anual,https://data.sec.gov/api/xbrl/companyconcept/CIK0001170858/ifrs-full/Assets.json,2026-09-06,"{""cik"":1170858,""taxonomy"":""ifrs-full"",""tag"":""Assets"",""entityName"":""COMPANHIA DE SANEAMENTO BASICO DO ESTADO DE SAO PAULO-SABESP"", ... {""end"":""2024-12-31"",""val"":80965430000,""accn"":"""
014443,2024,lucro_liquido,9579563000,0.001,TRAVA,SABESP - CIA SANEAMENTO BASICO EST SAO PAULO,relatorio_anual,https://www.sec.gov/Archives/edgar/data/1170858/000129281425001804/R3.htm,2026-09-06,"Consolidated Statements of Income ... Dec. 31, 2024 | Profit for the year | R$ 9,579,563 (R$ in Thousands). A DRE nao apresenta nenhuma linha de atribuicao a controladores/nao cont"
014443,2024,lucro_liquido_controladores,9579563000,0.001,DEFEITO_ABERTO,SABESP - CIA SANEAMENTO BASICO EST SAO PAULO,relatorio_anual,https://www.sec.gov/Archives/edgar/data/1170858/000129281425001804/R3.htm,2026-09-06,"split_nao_informado | Consolidated Statements of Income ... Dec. 31, 2024 | Profit for the year | R$ 9,579,563. O 20-F NAO traz split de atribuicao; o balanco (R2.htm) traz 'Capital stock 15,000,000 / E"
014443,2024,patrimonio_liquido,36928054000,0.001,TRAVA,SABESP - CIA SANEAMENTO BASICO EST SAO PAULO,relatorio_anual,https://www.sec.gov/Archives/edgar/data/1170858/000129281425001804/R2.htm,2026-09-06,"Consolidated Statements of Financial Position - BRL (R$) R$ in Thousands | Dec. 31, 2024 | Equity | Capital stock 15,000,000 | Earnings reserves 21,647,715 | Other comprehensive in"
014443,2024,receita_liquida,36145477000,0.001,TRAVA,SABESP - CIA SANEAMENTO BASICO EST SAO PAULO,relatorio_anual,https://www.sec.gov/Archives/edgar/data/1170858/000129281425001804/R3.htm,2026-09-06,"Consolidated Statements of Income - BRL (R$) R$ in Thousands | 12 Months Ended | Dec. 31, 2024 | Net operating revenue | R$ 36,145,477"
014826,2011,ativo_total,33769000000,0.001,TRAVA,CIA BRASILEIRA DE DISTRIBUICAO (GPA),release_da_empresa,https://cdn-sites-assets.mziq.com/wp-content/uploads/sites/108/2018/11/GPA_ER_4T11_PORT.pdf,2026-09-06,Imobilizado 6.446 6.276 6.017 7.358 7.145 6.794 Intangivel 4.919 4.787 4.792 5.026 4.904 4.916 TOTAL DO ATIVO 22.635 20.486 20.516 33.769 30.953 29.772 [colunas: 31.12.2011 30.09.2
014826,2011,lucro_liquido,720000000,0.001,TRAVA,CIA BRASILEIRA DE DISTRIBUICAO (GPA),release_da_empresa,https://cdn-sites-assets.mziq.com/wp-content/uploads/sites/108/2018/11/GPA_ER_4T11_PORT.pdf,2026-09-06,(R$ milhoes) 31.12.2011 31.12.2010 Lucro Liquido do Exercicio 720 586 Ajuste para Reconciliacao do Lucro Liquido Imposto de Renda Diferido (57) 32 (Demonstracao dos Fluxos de Caixa
014826,2011,lucro_liquido_controladores,718000000,0.001,TRAVA,CIA BRASILEIRA DE DISTRIBUICAO (GPA),release_da_empresa,https://cdn-sites-assets.mziq.com/wp-content/uploads/sites/108/2018/11/GPA_ER_4T11_PORT.pdf,2026-09-06,"No ano, o lucro liquido foi de R$ 718 milhoes, com margem de 1,5%. [secao 4T11 e 2011 GPA Consolidado] / na tabela: Lucro Liquido (1) Acionistas Controladores 659 643 2,4% 361 253 "
014826,2011,patrimonio_liquido,10094000000,0.001,TRAVA,CIA BRASILEIRA DE DISTRIBUICAO (GPA),release_da_empresa,https://cdn-sites-assets.mziq.com/wp-content/uploads/sites/108/2018/11/GPA_ER_4T11_PORT.pdf,2026-09-06,BALANCO PATRIMONIAL ... GPA Alimentar / GPA Consolidado ... 31.12.2011 30.09.2011 31.12.2010 31.12.2011 30.09.2011 31.12.2010 ... Patrimonio Liquido 7.419 7.351 6.932 10.094 9.900 
014826,2011,receita_liquida,46594000000,0.001,TRAVA,CIA BRASILEIRA DE DISTRIBUICAO (GPA),release_da_empresa,https://cdn-sites-assets.mziq.com/wp-content/uploads/sites/108/2018/11/GPA_ER_4T11_PORT.pdf,2026-09-06,"R$ Milhoes 2011 2010 % ... Receita Bruta de Vendas 28.431 26.131 8,8% 15.132 12.598 20,1% 52.681 36.144 45,8% Receita Liquida de Vendas 25.578 23.486 8,9% 13.371 11.034 21,2% 46.59"
016292,2011,ativo_total,29983000000,0.001,TRAVA,BRF S.A.,relatorio_anual,https://www.brf-global.com/wp-content/uploads/2018/03/2011_RA.pdf,2026-09-06,"Tabela 'Principais indicadores |GRI 2.8|', Valores em R$ milhões, coluna 2011, linha 'Ativo total': '29.983' (a extração do PDF desloca os rótulos, mas a coluna 2011 lida em ordem "
016292,2011,lucro_liquido,1365000000,0.001,TRAVA,BRF S.A.,relatorio_anual,https://www.brf-global.com/wp-content/uploads/2018/03/2011_RA.pdf,2026-09-06,"Tabela de reconciliação do EBITDA (R$ milhões, 2011), lida de baixo para cima: '= EBITDA 3.244 / Depreciação, Exaustão e Amortização 886 / Outros Resultados/Resultado da equiv. Pat"
016292,2011,lucro_liquido_controladores,1367400000,0.001,TRAVA,BRF S.A.,relatorio_anual,https://www.brf-global.com/wp-content/uploads/2018/03/2011_RA.pdf,2026-09-06,"Demonstração do fluxo de caixa resumida (R$ milhões, colunas 2011 e 2010): 'Resultado do exercício 1.367,4 804,1'. Tabela 'Principais indicadores', coluna 2011: 'Lucro líquido ... "
016292,2011,patrimonio_liquido,14110000000,0.001,TRAVA,BRF S.A.,relatorio_anual,https://www.brf-global.com/wp-content/uploads/2018/03/2011_RA.pdf,2026-09-06,"Gráfico 'Patrimônio líquido — R$ milhões' (2009, 2010, 2011): '12.996 13.637 14.110'. Texto do Relatório da Administração: 'Situação patrimonial – Em 31/12/11 o Patrimônio Líquido "
016292,2011,receita_liquida,25706000000,0.001,TRAVA,BRF S.A.,relatorio_anual,https://www.brf-global.com/wp-content/uploads/2018/03/2011_RA.pdf,2026-09-06,"Tabela 'Principais indicadores |GRI 2.8|', Valores em R$ milhões, coluna 2011: 'Receita líquida ... 22.681 25.706'. Também: 'Números BRF 2011 • Receita líquida – R$ 25,7 bilhões' e"
016292,2024,ativo_total,62675076000,0.001,TRAVA,BRF S.A.,relatorio_anual,https://s3.glbimg.com/v1/AUTH_63b422c2caee4269b8b34177e8876b93/valorri-uploads/bs/2025/C/3/QEBvkZRYAlV61V1kiC7w/brf1581096228022025.pdf,2026-09-06,"Balanço patrimonial consolidado, em milhares de Reais: 'TOTAL DO ATIVO ... 62.675.076 57.272.090' (colunas 31.12.24 / 31.12.23)."
016292,2024,lucro_liquido,3691904000,0.001,TRAVA,BRF S.A.,relatorio_anual,https://s3.glbimg.com/v1/AUTH_63b422c2caee4269b8b34177e8876b93/valorri-uploads/bs/2025/C/3/QEBvkZRYAlV61V1kiC7w/brf1581096228022025.pdf,2026-09-06,"DFC, valores em milhares de Reais, colunas Controladora 31.12.24 / 31.12.23 e Consolidado 31.12.24 / 31.12.23: 'Lucro (prejuízo) líquido do exercício ... 3.213.274 (2.028.559) 3.69"
016292,2024,lucro_liquido_controladores,3213274000,0.001,TRAVA,BRF S.A.,relatorio_anual,https://s3.glbimg.com/v1/AUTH_63b422c2caee4269b8b34177e8876b93/valorri-uploads/bs/2025/C/3/QEBvkZRYAlV61V1kiC7w/brf1581096228022025.pdf,2026-09-06,"DRE, em milhares de Reais: 'LUCRO (PREJUÍZO) LÍQUIDO DO EXERCÍCIO ... 3.213.274' seguido de 'Lucro (Prejuízo) Líquido Atribuível a / Acionistas controladores ... 3.213.274 / Acioni"
016292,2024,patrimonio_liquido,16499204000,0.001,TRAVA,BRF S.A.,relatorio_anual,https://s3.glbimg.com/v1/AUTH_63b422c2caee4269b8b34177e8876b93/valorri-uploads/bs/2025/C/3/QEBvkZRYAlV61V1kiC7w/brf1581096228022025.pdf,2026-09-06,"Balanço patrimonial consolidado 31.12.24, em milhares de Reais: 'Atribuído aos acionistas controladores ... 15.085.651 / Atribuído aos acionistas não controladores ... 1.413.553 / "
016292,2024,receita_liquida,61379038000,0.001,TRAVA,BRF S.A.,relatorio_anual,https://s3.glbimg.com/v1/AUTH_63b422c2caee4269b8b34177e8876b93/valorri-uploads/bs/2025/C/3/QEBvkZRYAlV61V1kiC7w/brf1581096228022025.pdf,2026-09-06,"DRE consolidada, valores em milhares de Reais, coluna Consolidado 31.12.24: 'RECEITA LÍQUIDA ... 61.379.038 53.615.440'. Tabela de destaques do release (R$ Milhões): 'Receita Líqui"
017671,2011,ativo_total,65490000000,0.001,TRAVA,TELEFONICA BRASIL S.A,relatorio_anual,https://www.sec.gov/Archives/edgar/data/0001066119/000095010312002060/dp30019_20f.htm,2026-09-06,"Selected Financial Data - Balance Sheet Data (in millions of reais): ""Total assets"" - 65,490"
017671,2011,lucro_liquido,4362000000,0.001,TRAVA,TELEFONICA BRASIL S.A,relatorio_anual,https://www.sec.gov/Archives/edgar/data/0001066119/000095010312002060/dp30019_20f.htm,2026-09-06,"Selected Financial Data - Income Statement Data (in millions of reais): ""Net Income"" - 4,362; ""Attributable to: Controlling shareholders"" - 4,355; ""Attributable to: Non-controlling"
017671,2011,lucro_liquido_controladores,4355000000,0.001,TRAVA,TELEFONICA BRASIL S.A,relatorio_anual,https://www.sec.gov/Archives/edgar/data/0001066119/000095010312002060/dp30019_20f.htm,2026-09-06,"Selected Financial Data - Income Statement Data (in millions of reais): ""Net Income"" - 4,362; ""Attributable to: Controlling shareholders"" - 4,355"
017671,2011,patrimonio_liquido,43331000000,0.001,TRAVA,TELEFONICA BRASIL S.A,relatorio_anual,https://www.sec.gov/Archives/edgar/data/0001066119/000095010312002060/dp30019_20f.htm,2026-09-06,"Selected Financial Data - Balance Sheet Data (in millions of reais): ""Shareholders' equity"" - 43,331; ""Attributable to: Controlling shareholders"" - 43,326; ""Attributable to: Noncon"
017671,2011,receita_liquida,29129000000,0.001,TRAVA,TELEFONICA BRASIL S.A,relatorio_anual,https://www.sec.gov/Archives/edgar/data/0001066119/000095010312002060/dp30019_20f.htm,2026-09-06,"Selected Financial Data - Income Statement Data (in millions of reais): ""Net operating revenue"" - 29,129"
017671,2024,ativo_total,124940673000,0.001,TRAVA,TELEFONICA BRASIL S.A,relatorio_anual,https://data.sec.gov/api/xbrl/companyconcept/CIK0001066119/ifrs-full/Assets.json,2026-09-06,"The reported value with end date 2024-12-31 is 124940673000 BRL. (concepito ifrs-full:Assets, 20-F FY2024)"
017671,2024,lucro_liquido,5557332000,0.001,TRAVA,TELEFONICA BRASIL S.A,relatorio_anual,https://data.sec.gov/api/xbrl/companyconcept/CIK0001066119/ifrs-full/ProfitLoss.json,2026-09-06,"For the annual period from 2024-01-01 to 2024-12-31, Telefonica Brasil S.A. reported a Profit/Loss value of 5,557,332,000 BRL. This figure appears in FY2024 form 20-F filed 2025-02"
017671,2024,lucro_liquido_controladores,5547948000,0.001,TRAVA,TELEFONICA BRASIL S.A,relatorio_anual,https://data.sec.gov/api/xbrl/companyconcept/CIK0001066119/ifrs-full/ProfitLossAttributableToOwnersOfParent.json,2026-09-06,"The reported value for the annual period from 2024-01-01 to 2024-12-31 is 5547948000 BRL. (concepito ifrs-full:ProfitLossAttributableToOwnersOfParent, 20-F FY2024). Confirmado tamb"
017671,2024,patrimonio_liquido,69799495000,0.001,TRAVA,TELEFONICA BRASIL S.A,relatorio_anual,https://data.sec.gov/api/xbrl/companyconcept/CIK0001066119/ifrs-full/Equity.json,2026-09-06,"End Date 2024-12-31: Value: 69,799,495,000 BRL; Form: 20-F; Fiscal Year: 2024; Filed: 2025-02-27"
017671,2024,receita_liquida,55845000000,0.001,TRAVA,TELEFONICA BRASIL S.A,release_da_empresa,https://www.prnewswire.com/news-releases/4q24-results-telefonica-brasil-sa-302385402.html,2026-09-06,"""Net Operating Revenue"" for 2024 was R$55,845 million, as stated in the financial table showing a 7.2% year-over-year increase."
018112,2011,ativo_total,46139400000,0.001,TRAVA,COMPANHIA DE BEBIDAS DAS AMERICAS-AMBEV,relatorio_anual,https://www.sec.gov/Archives/edgar/data/0001113172/000129281412000946/abvform20f_2011.htm,2026-09-06,"Form 20-F FY2011, Selected Consolidated Balance Sheet Data (as of December 31, R$ millions): 'Total assets | 2011: 46,139.4 | 2010: 42,678.2 | 2009: 40,101.0 | 2008: 41,813.0 | 200"
018112,2011,lucro_liquido,8719800000,0.001,TRAVA,COMPANHIA DE BEBIDAS DAS AMERICAS-AMBEV,release_da_empresa,https://www.sec.gov/Archives/edgar/data/1113172/000129281412000507/abvpr4q11_6k.htm,2026-09-06,"Profit: 8,719.8 / Profit - Ambev holders: 8,641.0 / Profit - non-controlling interests: 78.8 (R$ million, full year 2011)"
018112,2011,lucro_liquido_controladores,8641000000,0.001,TRAVA,COMPANHIA DE BEBIDAS DAS AMERICAS-AMBEV,relatorio_anual,https://www.sec.gov/Archives/edgar/data/0001113172/000129281412000946/abvform20f_2011.htm,2026-09-06,"Form 20-F FY2011, Selected Income Statement Data: 'Profit attributable to equity holders | 2011: 8,641.0 | 2010: 7,561.4 | 2009: 5,986.1'. Mesmo numero no release 4T11: 'Profit - A"
018112,2011,patrimonio_liquido,25828800000,0.001,TRAVA,COMPANHIA DE BEBIDAS DAS AMERICAS-AMBEV,relatorio_anual,https://www.sec.gov/Archives/edgar/data/0001113172/000129281412000946/abvform20f_2011.htm,2026-09-06,"Form 20-F FY2011, Selected Consolidated Balance Sheet Data (as of December 31, R$ millions): 'Shareholders' equity | 2011: 25,611.3 | 2010: 24,361.9' e 'Non-controlling interests |"
018112,2011,receita_liquida,27126700000,0.001,TRAVA,COMPANHIA DE BEBIDAS DAS AMERICAS-AMBEV,release_da_empresa,https://www.sec.gov/Archives/edgar/data/1113172/000129281412000507/abvpr4q11_6k.htm,2026-09-06,"Net revenue: 27,126.7 (R$ million, full year 2011 consolidated income statement). Confirmado tambem no Form 20-F FY2011, Selected Income Statement Data: 'Net sales | 2011: 27,126.7"
018465,2024,ativo_total,39558074000,0.001,TRAVA,ULTRAPAR PARTICIPACOES S.A.,relatorio_anual,https://data.sec.gov/api/xbrl/companyconcept/CIK0001094972/ifrs-full/Assets.json,2026-09-06,"""val"": 39558074000, ""end"": ""2024-12-31"", ""fy"": 2024, ""fp"": ""FY"", ""form"": ""20-F"" (concept ifrs-full:Assets, unit BRL)"
018465,2024,lucro_liquido,2525900000,0.001,TRAVA,ULTRAPAR PARTICIPACOES S.A.,relatorio_anual,https://data.sec.gov/api/xbrl/companyconcept/CIK0001094972/ifrs-full/ProfitLoss.json,2026-09-06,"""val"": 2525900000, ""start"": ""2024-01-01"", ""end"": ""2024-12-31"", ""fy"": 2024, ""fp"": ""FY"", ""form"": ""20-F"" (concept ifrs-full:ProfitLoss = lucro total do exercicio, inclui participacao "
018465,2024,lucro_liquido_controladores,2362740000,0.001,TRAVA,ULTRAPAR PARTICIPACOES S.A.,relatorio_anual,https://data.sec.gov/api/xbrl/companyconcept/CIK0001094972/ifrs-full/ProfitLossAttributableToOwnersOfParent.json,2026-09-06,"""val"": 2362740000, ""start"": ""2024-01-01"", ""end"": ""2024-12-31"", ""fy"": 2024, ""fp"": ""FY"", ""form"": ""20-F"" (concept ifrs-full:ProfitLossAttributableToOwnersOfParent, unit BRL)"
018465,2024,patrimonio_liquido,15823444000,0.001,TRAVA,ULTRAPAR PARTICIPACOES S.A.,relatorio_anual,https://data.sec.gov/api/xbrl/companyconcept/CIK0001094972/ifrs-full/Equity.json,2026-09-06,"""val"": 15823444000, ""end"": ""2024-12-31"", ""fy"": 2024, ""fp"": ""FY"", ""form"": ""20-F"", ""frame"": ""CY2024Q4I"" (concept ifrs-full:Equity = PL total, inclui nao controladores). Complemento: "
018465,2024,receita_liquida,133498913000,0.001,TRAVA,ULTRAPAR PARTICIPACOES S.A.,relatorio_anual,https://data.sec.gov/api/xbrl/companyconcept/CIK0001094972/ifrs-full/Revenue.json,2026-09-06,"""val"": 133498913000, ""start"": ""2024-01-01"", ""end"": ""2024-12-31"", ""fy"": 2024, ""fp"": ""FY"", ""form"": ""20-F"" (concept ifrs-full:Revenue, unit BRL, Ultrapar Holdings Inc CIK 0001094972)."
019348,2024,ativo_total,2854475000000,0.001,TRAVA,ITAU UNIBANCO HOLDING S.A.,relatorio_anual,https://data.sec.gov/api/xbrl/companyconcept/CIK0001132597/ifrs-full/Assets.json,2026-09-06,"{""end"": ""2024-12-31"", ""val"": 2854475000000, ""accn"": ""0001292814-25-001684"", ""fy"": 2024, ""fp"": ""FY"", ""form"": ""20-F"", ""filed"": ""2025-04-28"", ""frame"": ""CY2024Q4I""} — fato XBRL ifrs-fu"
019348,2024,lucro_liquido,42128000000,0.001,TRAVA,ITAU UNIBANCO HOLDING S.A.,relatorio_anual,https://data.sec.gov/api/xbrl/companyconcept/CIK0001132597/ifrs-full/ProfitLoss.json,2026-09-06,"{""start"": ""2024-01-01"", ""end"": ""2024-12-31"", ""val"": 42128000000, ""accn"": ""0001292814-25-001684"", ""fy"": 2024, ""fp"": ""FY"", ""form"": ""20-F"", ""filed"": ""2025-04-28"", ""frame"": ""CY2024""} —"
019348,2024,lucro_liquido_controladores,41085000000,0.001,TRAVA,ITAU UNIBANCO HOLDING S.A.,relatorio_anual,https://data.sec.gov/api/xbrl/companyconcept/CIK0001132597/ifrs-full/ProfitLossAttributableToOwnersOfParent.json,2026-09-06,"{""start"": ""2024-01-01"", ""end"": ""2024-12-31"", ""val"": 41085000000, ""accn"": ""0001292814-25-001684"", ""fy"": 2024, ""fp"": ""FY"", ""form"": ""20-F"", ""filed"": ""2025-04-28"", ""frame"": ""CY2024""} —"
019348,2024,patrimonio_liquido,221284000000,0.001,TRAVA,ITAU UNIBANCO HOLDING S.A.,relatorio_anual,https://data.sec.gov/api/xbrl/companyconcept/CIK0001132597/ifrs-full/Equity.json,2026-09-06,"{""end"": ""2024-12-31"", ""val"": 221284000000, ""accn"": ""0001292814-25-001684"", ""fy"": 2024, ""fp"": ""FY"", ""form"": ""20-F"", ""filed"": ""2025-04-28"", ""frame"": ""CY2024Q4I""} — fato XBRL ifrs-ful"
019348,2024,receita_liquida,168050000000,0.001,DEFEITO_ABERTO,ITAU UNIBANCO HOLDING S.A.,relatorio_anual,https://data.sec.gov/api/xbrl/companyconcept/CIK0001132597/ifrs-full/Revenue.json,2026-09-06,"cobertura_receita_financeira | {""start"": ""2024-01-01"", ""end"": ""2024-12-31"", ""val"": 168050000000, ""accn"": ""0001292814-25-001684"", ""fy"": 2024, ""fp"": ""FY"", ""form"": ""20-F"", ""filed"": ""2025-04-28"", ""frame"": ""CY2024""} "
019879,2022,ativo_total,24106000000,0.001,TRAVA,LIGHT S.A. - EM RECUPERACAO JUDICIAL,site_fundamentalista,https://stockanalysis.com/quote/bvmf/LIGT3/financials/balance-sheet/,2026-09-06,"FY2022: ""Total Assets: 24,106 million BRL"". Casa com o raw BPA CONSOLIDADO CD_CONTA 1 ""Ativo Total"" = 24.106.103 MIL (o individual e 2.852.756 MIL, e o mart escolheu corretamente o"
019879,2022,lucro_liquido,-5670000000,0.001,TRAVA,LIGHT S.A. - EM RECUPERACAO JUDICIAL,noticia,https://www.moneytimes.com.br/light-ligt3-acumula-prejuizo-de-r-56-bilhoes-em-2022-e-reve-estrategia-para-renovar-concessoes/,2026-09-06,"""A Light (LIGT3) registrou um prejuizo liquido de R$ 5,67 bilhoes no periodo acumulado de 2022"" — e, na InfoMoney (https://www.infomoney.com.br/mercados/acao-da-light-ligt3-cai-mai"
019879,2022,lucro_liquido_controladores,-5672203000,0.001,DEFEITO_ABERTO,LIGHT S.A. - EM RECUPERACAO JUDICIAL,site_fundamentalista,https://stockanalysis.com/quote/bvmf/LIGT3/financials/,2026-09-06,"split_nao_informado | ""FY 2022 ... Net Income -5,672"" (millions BRL) — a fonte nao rotula se e consolidado ou atribuivel a controladora, dai base indefinido. Nao achei nenhuma fonte externa que publique"
019879,2022,patrimonio_liquido,2845000000,0.001,TRAVA,LIGHT S.A. - EM RECUPERACAO JUDICIAL,site_fundamentalista,https://stockanalysis.com/quote/bvmf/LIGT3/financials/balance-sheet/,2026-09-06,"FY2022 (exercicio encerrado em 31/12/2022): ""Shareholders' Equity: 2,845 million BRL""; ""Total Liabilities: 21,261 million BRL""; nenhuma linha separada de Minority/Noncontrolling In"
019879,2022,receita_liquida,13253000000,0.001,TRAVA,LIGHT S.A. - EM RECUPERACAO JUDICIAL,site_fundamentalista,https://stockanalysis.com/quote/bvmf/LIGT3/financials/,2026-09-06,"FY 2022 | Revenue 13,253 | Net Income -5,672 — cabecalho da pagina: ""Financials in millions BRL. Fiscal year is January - December."""
020532,2024,ativo_total,1238797000000,0.001,TRAVA,BCO SANTANDER (BRASIL) S.A.,site_fundamentalista,https://stockanalysis.com/quote/bvmf/SANB11/financials/balance-sheet/,2026-09-06,"Total Assets (FY 2024): ""1,238,797"" millions BRL (fiscal year ending December 31, 2024)"
020532,2024,lucro_liquido,13872000000,0.001,DIVERGENCIA_FONTE,BCO SANTANDER (BRASIL) S.A.,release_da_empresa,https://news.google.com/rss/search?q=Santander+Brasil+lucro+l%C3%ADquido+2024&hl=pt-BR&gl=BR&ceid=BR:pt-419,2026-09-06,"base_ou_safra_diferente | ""Santander Brasil registra lucro de R$ 13,872 bilhoes em 2024 e rentabilidade atinge 17,6%"" - manchete do release, publisher santanderimprensa.com.br (lida via feed Google News; o "
020532,2024,lucro_liquido_controladores,13366000000,0.001,TRAVA,BCO SANTANDER (BRASIL) S.A.,site_fundamentalista,https://stockanalysis.com/quote/bvmf/SANB11/financials/,2026-09-06,"Fiscal Year 2024 (ended December 31, 2024) - Revenue: 47,185 million BRL; Net Income: 13,366 million BRL"
020532,2024,patrimonio_liquido,119827132000,0.001,TRAVA,BCO SANTANDER (BRASIL) S.A.,site_fundamentalista,https://stockanalysis.com/quote/bvmf/SANB11/financials/balance-sheet/,2026-09-06,"Shareholders' Equity (FY 2024): ""119,827"" millions BRL; Minority Interest (FY 2024): ""335.45"" millions BRL - all figures in millions of Brazilian Real"
020532,2024,receita_liquida,47185000000,0.001,DEFEITO_ABERTO,BCO SANTANDER (BRASIL) S.A.,site_fundamentalista,https://stockanalysis.com/quote/bvmf/SANB11/financials/,2026-09-06,"cobertura_receita_financeira | Fiscal Year 2024 (ended December 31, 2024) - Revenue: 47,185 million BRL"
020575,2024,ativo_total,251936000000,0.001,TRAVA,JBS S.A.,release_da_empresa,https://static.poder360.com.br/2025/03/JBS-release-resultados-4t-2024.pdf,2026-09-06,BALANCO PATRIMONIAL (Em milhoes de reais) — Consolidado — TOTAL DO PASSIVO E PATRIMONIO LIQUIDO 31/12/24: 251.936 | 31/12/23: 206.132 (pag. 21)
020575,2024,lucro_liquido,10704000000,0.001,TRAVA,JBS S.A.,release_da_empresa,https://static.poder360.com.br/2025/03/JBS-release-resultados-4t-2024.pdf,2026-09-06,LUCRO LIQUIDO (PREJUIZO) — 2024: 10.704 | 2023: (729) ... ATRIBUIDO A: Participacao dos controladores 9.616 / Participacao dos nao controladores 1.088 / 10.704 (Em milhoes de reais
020575,2024,lucro_liquido_controladores,9616000000,0.001,TRAVA,JBS S.A.,release_da_empresa,https://static.poder360.com.br/2025/03/JBS-release-resultados-4t-2024.pdf,2026-09-06,"ATRIBUIDO A: Participacao dos controladores — 2024: 9.616 | 2023: (1.061) (Em milhoes de reais, Consolidado — pag. 22). Confirmado tambem por noticia: 'registrou lucro liquido de R"
020575,2024,patrimonio_liquido,50370000000,0.001,TRAVA,JBS S.A.,release_da_empresa,https://static.poder360.com.br/2025/03/JBS-release-resultados-4t-2024.pdf,2026-09-06,BALANCO PATRIMONIAL (Em milhoes de reais) — Consolidado — Patrimonio Liquido 31/12/24: Atribuido a participacao dos controladores 44.781 | Participacao dos nao controladores 5.590 
020575,2024,receita_liquida,416952000000,0.001,TRAVA,JBS S.A.,release_da_empresa,https://static.poder360.com.br/2025/03/JBS-release-resultados-4t-2024.pdf,2026-09-06,DEMONSTRACAO DO RESULTADO — Demonstracoes do resultado para os anos 2024 e 2023 — (Em milhoes de reais) — Consolidado — 2024: RECEITA LIQUIDA 416.952 | 2023: 363.817 (pag. 22 do re
020788,2024,ativo_total,137510000000,0.001,TRAVA,MARFRIG GLOBAL FOODS S.A.,site_fundamentalista,https://stockanalysis.com/quote/BVMF/MRFG3/financials/balance-sheet/,2026-09-06,"Total Assets (FY 2024): 137,510 million BRL — Financials in millions BRL. Fiscal year is January - December"
020788,2024,lucro_liquido_controladores,2795000000,0.001,TRAVA,MARFRIG GLOBAL FOODS S.A.,site_fundamentalista,https://stockanalysis.com/quote/BVMF/MRFG3/financials/,2026-09-06,"Net Income: 2,795 million BRL (coluna FY2024). Corroborado por AgFeed: 'lucro liquido em todo o ano de 2024 foi quase integralmente garantido pelo 4T24 e chegou a R$ 2,8 bilhoes' ("
020788,2024,patrimonio_liquido,19938000000,0.001,TRAVA,MARFRIG GLOBAL FOODS S.A.,site_fundamentalista,https://stockanalysis.com/quote/BVMF/MRFG3/financials/balance-sheet/,2026-09-06,"Shareholders' Equity (FY 2024): 19,938 million BRL; Minority Interest (FY 2024): 17,114 million BRL — Financials in millions BRL"
020788,2024,receita_liquida,149135000000,0.005,TRAVA,MARFRIG GLOBAL FOODS S.A.,site_fundamentalista,https://stockanalysis.com/quote/BVMF/MRFG3/financials/,2026-09-06,"Revenue: 149,135 million BRL — Financials in millions BRL. Fiscal year is January - December (coluna FY2024, periodo encerrado em 31/12/2024)"
020796,2012,ativo_total,12939219000,0.001,DIVERGENCIA_FONTE,BCO DAYCOVAL S.A.,relatorio_anual,https://ri.daycoval.com.br/pt/documentos/1974-BANCO-DAYCOVAL-31122012-DFPs.pdf,2026-09-06,"base_ou_safra_diferente | DFP 31/12/2012, 'BALANCOS PATRIMONIAIS CONSOLIDADOS LEVANTADOS EM 31 DE DEZEMBRO DE 2012, 2011 E DE 2010' (pag. 26): 'TOTAL DO ATIVO 12.939.219 | 12.104.715 | 8.938.510'; e no pass"
020796,2012,lucro_liquido,357464000,0.001,DIVERGENCIA_FONTE,BCO DAYCOVAL S.A.,release_da_empresa,https://ri.daycoval.com.br/pt/documentos/29-Release-4T12-V10.pdf,2026-09-06,"base_ou_safra_diferente | Lucro Liquido de R$ 82,5 milhoes. No ano acumula R$ 357,5 milhoes, 17,2% acima do mesmo periodo de 2011. [...] Anexo II: Lucro Liquido 82.465 | 98.441 | 90.714 | 2012: 357.464 | 20"
020796,2012,lucro_liquido_controladores,357464000,0.001,DIVERGENCIA_FONTE,BCO DAYCOVAL S.A.,relatorio_anual,https://ri.daycoval.com.br/pt/documentos/1974-BANCO-DAYCOVAL-31122012-DFPs.pdf,2026-09-06,"base_ou_safra_diferente | DFP 31/12/2012 Versao 1, Notas Explicativas: 'Lucro liquido do exercicio (Controlador) 357.464 305.060' (nota de calculo de dividendos/JCP). A DRE consolidada auditada (pag. 29) re"
020796,2012,patrimonio_liquido,2203507000,0.005,TRAVA,BCO DAYCOVAL S.A.,relatorio_anual,https://ri.daycoval.com.br/pt/documentos/1974-BANCO-DAYCOVAL-31122012-DFPs.pdf,2026-09-06,"DFP 31/12/2012, 'BALANCOS PATRIMONIAIS CONSOLIDADOS LEVANTADOS EM 31 DE DEZEMBRO DE 2012, 2011 E DE 2010' (pag. 27): 'RESULTADOS DE EXERCICIOS FUTUROS 9.408 | PARTICIPACAO DOS MINO"
020796,2012,receita_liquida,2257553000,0.001,DEFEITO_ABERTO,BCO DAYCOVAL S.A.,release_da_empresa,https://ri.daycoval.com.br/pt/documentos/29-Release-4T12-V10.pdf,2026-09-06,"cobertura_receita_financeira | Release 4T12, Anexo II - Demonstrativo de Resultado Trimestral e Acumulado: 'Receitas da Intermediacao Financeira 534.414 | 555.158 | -3,7% | 492.601 | 8,5% | 2012: 2.257.553 | 201"
020958,2023,lucro_liquido,851582000,0.001,DIVERGENCIA_FONTE,BCO ABC BRASIL S.A.,site_fundamentalista,https://www.dadosdemercado.com.br/acoes/abcb4,2026-09-06,"base_ou_safra_diferente | Tabela 'Resultados' (anual), linha 'Lucro líquido': 2025 = 1,00 B | 2024 = 971,27 M | 2023 = 851,58 M | 2022 = 800,23 M | 2021 = 572,17 M. Corroboracao pelos trimestres na imprensa"
020958,2023,lucro_liquido_controladores,851582000,0.001,DEFEITO_ABERTO,BCO ABC BRASIL S.A.,site_fundamentalista,https://www.dadosdemercado.com.br/acoes/abcb4,2026-09-06,"split_nao_informado_com_minoritarios | Tabela 'Resultados' (anual), linha 'Lucro líquido': 2023 = 851,58 M. Nenhuma fonte externa publica lucro atribuivel aos controladores de R$ 0 para o ABC Brasil em 2023; mesmo na ba"
020958,2023,receita_liquida,5441439000,0.001,DEFEITO_ABERTO,BCO ABC BRASIL S.A.,site_fundamentalista,https://www.dadosdemercado.com.br/acoes/abcb4,2026-09-06,"cobertura_receita_financeira | Tabela 'Resultados' (anual), linha 'Receita líquida': 2025 = 8,47 B | 2024 = 10,12 B | 2023 = 5,44 B | 2022 = 4,08 B | 2021 = 4,09 B."
020958,2024,lucro_liquido,971300000,0.001,TRAVA,BCO ABC BRASIL S.A.,site_fundamentalista,https://www.dadosdemercado.com.br/acoes/abcb4,2026-09-06,"Tabela 'Resultados' (anual), linha 'Lucro líquido': 2024 = 971,27 M. Titulo do release da empresa republicado em 11/02/2025: 'Banco ABC Brasil apresenta rentabilidade anual recorde"
020958,2024,lucro_liquido_controladores,971300000,0.001,DEFEITO_ABERTO,BCO ABC BRASIL S.A.,release_da_empresa,https://news.google.com/rss/search?q=%22ABC+Brasil%22+lucro+%22no+ano%22+2024,2026-09-06,"base_individual_sem_consolidado | 'Banco ABC Brasil apresenta rentabilidade anual recorde, com Lucro Liquido de R$971,3 milhoes em 2024' - Estadao Blue Studio (canal de releases de empresa), 11/02/2025."
020958,2024,receita_liquida,10120641000,0.001,DEFEITO_ABERTO,BCO ABC BRASIL S.A.,site_fundamentalista,https://www.dadosdemercado.com.br/acoes/abcb4,2026-09-06,"cobertura_receita_financeira | Tabela 'Resultados' (anual), linha 'Receita líquida': 2024 = 10,12 B."
020990,2022,ativo_total,31292260000,0.001,TRAVA,AMERICANAS S.A. - EM RECUPERACAO JUDICIAL,site_fundamentalista,https://investidor10.com.br/acoes/amer3/,2026-09-06,"Ativo Total - (R$) | 31,29 Bilhões 31.292.260.000 | 100,00 %"
020990,2022,lucro_liquido,-12910991000,0.001,TRAVA,AMERICANAS S.A. - EM RECUPERACAO JUDICIAL,site_fundamentalista,https://investidor10.com.br/acoes/amer3/,2026-09-06,"Lucro Líquido - (R$) | -12,91 Bilhões -12.910.991.000 | -50,03 %"
020990,2022,lucro_liquido_controladores,-12910991000,0.001,DEFEITO_ABERTO,AMERICANAS S.A. - EM RECUPERACAO JUDICIAL,site_fundamentalista,https://investidor10.com.br/acoes/amer3/,2026-09-06,"split_nao_informado | Lucro Líquido - (R$) | -12,91 Bilhões -12.910.991.000 | -50,03 % — corroborado pela manchete literal do Google News RSS de 16/11/2023: ""Americanas registra prejuízo de R$ 12,9 bilh"
020990,2022,patrimonio_liquido,-26666621000,0.001,TRAVA,AMERICANAS S.A. - EM RECUPERACAO JUDICIAL,site_fundamentalista,https://investidor10.com.br/acoes/amer3/,2026-09-06,"Patrimônio Líquido Consolidado - (R$) | -26,67 Bilhões -26.666.621.000 | -85,22 %"
020990,2022,receita_liquida,25807973000,0.001,TRAVA,AMERICANAS S.A. - EM RECUPERACAO JUDICIAL,site_fundamentalista,https://investidor10.com.br/acoes/amer3/,2026-09-06,"Receita Líquida - (R$) | 25,81 Bilhões 25.807.973.000 | 100,00 %"
021199,2023,ativo_total,57803000000,0.001,DIVERGENCIA_FONTE,BCO PAN S.A.,release_da_empresa,https://ri.bancopan.com.br/Download.aspx?Arquivo=jCdr5WHt4IpHc4mmXIkKKQ%3D%3D,2026-09-06,base_ou_safra_diferente | BALANCOS PATRIMONIAIS (R$ MM) | Ativo 4T24 3T24 4T23 | ... Total do Ativo 65.434 65.867 57.803 -- e PRINCIPAIS INDICADORES TRIMESTRAIS: 'Ativos Totais 65.434 65.867 57.803'
021199,2023,lucro_liquido,777000000,0.001,DIVERGENCIA_FONTE,BCO PAN S.A.,release_da_empresa,https://www.infomoney.com.br/mercados/banco-pan-bpan4-resultados-quarto-trimestre-2023/,2026-09-06,"base_ou_safra_diferente | InfoMoney: 'No ano de 2023, o Pan teve lucro liquido de R$ 777 milhoes, resultado 1% maior na comparacao com o ano de 2022.' -- Release 4T24 do proprio PAN (p.3) desambigua a base:"
021199,2023,lucro_liquido_controladores,777000000,0.001,DEFEITO_ABERTO,BCO PAN S.A.,release_da_empresa,https://ri.bancopan.com.br/Download.aspx?Arquivo=jCdr5WHt4IpHc4mmXIkKKQ%3D%3D,2026-09-06,"split_nao_informado_com_minoritarios | PRINCIPAIS INDICADORES ANUAIS | R$ MM 2024 2023 | Lucro Liquido (ex agio) 855 777 | ... (p.25, DEMONSTRACOES DO RESULTADO CONSOLIDADO) 'Participacoes de nao controladores -1,3 -0,7"
021199,2023,patrimonio_liquido,8107000000,0.001,DIVERGENCIA_FONTE,BCO PAN S.A.,release_da_empresa,https://ri.bancopan.com.br/Download.aspx?Arquivo=jCdr5WHt4IpHc4mmXIkKKQ%3D%3D,2026-09-06,"base_ou_safra_diferente | BALANCOS PATRIMONIAIS (R$ MM) | Passivo 4T24 3T24 4T23 | ... Total do Patrimonio liquido 8.427 8.312 8.107 | Participacao de acionistas nao controladores 6,7 5,4 3,5 | Total do Pas"
021199,2023,receita_liquida,15308006000,0.001,DEFEITO_ABERTO,BCO PAN S.A.,release_da_empresa,https://ri.bancopan.com.br/Download.aspx?Arquivo=jCdr5WHt4IpHc4mmXIkKKQ%3D%3D,2026-09-06,"cobertura_receita_financeira | Release 4T24, PRINCIPAIS INDICADORES ANUAIS: 'DRE Margem Financeira Gerencial 9.019 7.671 18%' (2024 vs 2023, R$ MM). E a propria DFP consolidada de 2023 traz DRE 3.01 'Receitas da"
022616,2024,ativo_total,646841806000,0.005,TRAVA,BCO BTG PACTUAL S.A.,relatorio_anual,https://api.mziq.com/mzfilemanager/v2/d/0afe1b62-e299-4dec-a938-763ebc4e2c11/a382b11e-71bc-3527-48d4-f9d776f8bee7,2026-09-06,"Balanço patrimonial, em milhares de reais: 'Total do ativo 559.580.799 442.248.137 646.841.806 493.232.849' (consolidado 2024 = 646.841.806). O release 4T24 confirma: 'Em 31 de dez"
022616,2024,lucro_liquido,12281321000,0.001,DIVERGENCIA_FONTE,BCO BTG PACTUAL S.A.,relatorio_anual,https://api.mziq.com/mzfilemanager/v2/d/0afe1b62-e299-4dec-a938-763ebc4e2c11/a382b11e-71bc-3527-48d4-f9d776f8bee7,2026-09-06,"base_ou_safra_diferente | Demonstrações Financeiras Completas Banco BTG Pactual S.A. e Controladas, Dezembro 2024 (auditadas por PwC), Demonstração das mutações do patrimônio líquido consolidado, em milhare"
022616,2024,lucro_liquido_controladores,11789387000,0.001,DIVERGENCIA_FONTE,BCO BTG PACTUAL S.A.,relatorio_anual,https://api.mziq.com/mzfilemanager/v2/d/0afe1b62-e299-4dec-a938-763ebc4e2c11/a382b11e-71bc-3527-48d4-f9d776f8bee7,2026-09-06,"base_ou_safra_diferente | Demonstração do resultado consolidado, em milhares de reais: 'Participações de acionistas não controladores - - - (491.934) (401.639)' seguido de 'Lucro líquido do semestre / exerc"
022616,2024,patrimonio_liquido,63533870000,0.001,DIVERGENCIA_FONTE,BCO BTG PACTUAL S.A.,relatorio_anual,https://api.mziq.com/mzfilemanager/v2/d/0afe1b62-e299-4dec-a938-763ebc4e2c11/a382b11e-71bc-3527-48d4-f9d776f8bee7,2026-09-06,"base_ou_safra_diferente | Balanço patrimonial, em milhares de reais (colunas: Individual 2024, Individual 2023, Consolidado 2024, Consolidado 2023): 'Patrimônio líquido 19 57.466.518 49.381.806 63.533.870 5"
022616,2024,receita_liquida,25054300000,0.001,DEFEITO_ABERTO,BCO BTG PACTUAL S.A.,release_da_empresa,https://api.mziq.com/mzfilemanager/v2/d/0afe1b62-e299-4dec-a938-763ebc4e2c11/d252e6ca-f727-c771-99a1-0ce89b86309e,2026-09-06,"cobertura_receita_financeira | No ano de 2024, o total de receitas foi de R$25.054,3 milhões e o lucro líquido ajustado atingiu R$12.321,5 milhões. (Divulgação de Resultados, Quarto trimestre de 2024, 10 de feve"
023159,2023,ativo_total,18273000000,0.001,TRAVA,BB SEGURIDADE PARTICIPACOES S.A.,site_fundamentalista,https://stockanalysis.com/quote/BVMF/BBSE3/financials/balance-sheet/,2026-09-06,"Total Assets | FY 2024: 21,616 | FY 2023: 18,273 (Financials in millions BRL)"
023159,2023,lucro_liquido,7947000000,0.001,TRAVA,BB SEGURIDADE PARTICIPACOES S.A.,site_fundamentalista,https://stockanalysis.com/quote/BVMF/BBSE3/financials/,2026-09-06,"Financials in millions BRL. Fiscal year is January - December. | Net Income | FY 2025: 9,017 | FY 2024: 8,703 | FY 2023: 7,947"
023159,2023,lucro_liquido_controladores,7947000000,0.001,TRAVA,BB SEGURIDADE PARTICIPACOES S.A.,site_fundamentalista,https://stockanalysis.com/quote/BVMF/BBSE3/financials/,2026-09-06,"Net Income | FY 2023: 7,947 (Financials in millions BRL)"
023159,2023,patrimonio_liquido,9816000000,0.001,TRAVA,BB SEGURIDADE PARTICIPACOES S.A.,site_fundamentalista,https://stockanalysis.com/quote/BVMF/BBSE3/financials/balance-sheet/,2026-09-06,"Financials in millions BRL. | Common Stock 6,270 | Retained Earnings 4,447 | Treasury Stock -704.03 | Comprehensive Income & Other -196.02 | Shareholders' Equity FY2023: 9,816"
023159,2023,receita_liquida,9315000000,0.001,DEFEITO_ABERTO,BB SEGURIDADE PARTICIPACOES S.A.,site_fundamentalista,https://stockanalysis.com/quote/BVMF/BBSE3/financials/,2026-09-06,"cobertura_receita_financeira | Financials in millions BRL. Fiscal year is January - December. | Revenue | FY 2024: 10,180 | FY 2023: 9,315"
023159,2024,ativo_total,21616000000,0.001,TRAVA,BB SEGURIDADE PARTICIPACOES S.A.,site_fundamentalista,https://stockanalysis.com/quote/BVMF/BBSE3/financials/balance-sheet/,2026-09-06,"Total Assets | FY 2024: 21,616 (Financials in millions BRL)"
023159,2024,lucro_liquido,8700000000,0.001,TRAVA,BB SEGURIDADE PARTICIPACOES S.A.,noticia,https://revistaapolice.com.br/2025/02/bb-seguridade-alcanca-lucro-liquido-de-r-87-bi-em-2024/,2026-09-06,"lucro líquido de R$ 8,7 bilhões em 2024, número que representa um aumento de 9,5% na comparação com o mesmo período do ano anterior; [e, distinto disso] o lucro gerencial ajustado "
023159,2024,lucro_liquido_controladores,8703000000,0.001,TRAVA,BB SEGURIDADE PARTICIPACOES S.A.,site_fundamentalista,https://stockanalysis.com/quote/BVMF/BBSE3/financials/,2026-09-06,"Net Income | FY 2024: 8,703 (Financials in millions BRL. Fiscal year is January - December.)"
023159,2024,patrimonio_liquido,9695000000,0.001,TRAVA,BB SEGURIDADE PARTICIPACOES S.A.,site_fundamentalista,https://stockanalysis.com/quote/BVMF/BBSE3/financials/balance-sheet/,2026-09-06,"Financials in millions BRL. | Common Stock 6,270 | Retained Earnings 6,039 | Treasury Stock -1,870 | Comprehensive Income & Other -743.63 | Shareholders' Equity FY2024: 9,695"
023159,2024,receita_liquida,10180000000,0.001,DEFEITO_ABERTO,BB SEGURIDADE PARTICIPACOES S.A.,site_fundamentalista,https://stockanalysis.com/quote/BVMF/BBSE3/financials/,2026-09-06,"cobertura_receita_financeira | Financials in millions BRL. Fiscal year is January - December. | Revenue | FY 2025: 10,335 | FY 2024: 10,180 | FY 2023: 9,315"
023230,2024,ativo_total,95357889000,0.001,TRAVA,RAIZEN ENERGIA S.A.,relatorio_anual,https://api.mziq.com/mzfilemanager/v2/d/c016735f-1711-48ce-919f-a8c701b83c19/8365913a-d5fc-332d-25d3-ba5cfefa20ff?origin=2,2026-09-06,"""Total do ativo 66.628.131 62.429.432 95.357.889 82.183.546"" e ""Total do passivo e patrimônio líquido 66.628.131 62.429.432 95.357.889 82.183.546"""
023230,2024,lucro_liquido,-1313314000,0.001,TRAVA,RAIZEN ENERGIA S.A.,relatorio_anual,https://api.mziq.com/mzfilemanager/v2/d/c016735f-1711-48ce-919f-a8c701b83c19/8365913a-d5fc-332d-25d3-ba5cfefa20ff?origin=2,2026-09-06,"""(Prejuízo) Lucro líquido do exercício (1.272.688) 669.327 (1.313.314) 644.795"" -- colunas: Controladora 2024 | Controladora 2023 | Consolidado 2024 | Consolidado 2023"
023230,2024,lucro_liquido_controladores,-1272688000,0.001,TRAVA,RAIZEN ENERGIA S.A.,relatorio_anual,https://api.mziq.com/mzfilemanager/v2/d/c016735f-1711-48ce-919f-a8c701b83c19/8365913a-d5fc-332d-25d3-ba5cfefa20ff?origin=2,2026-09-06,"""Atribuível a: / Acionistas controladores (1.272.688) 669.327 (1.272.688) 669.327 / Acionistas não controladores - - (40.626) (24.532)"""
023230,2024,patrimonio_liquido,20006611000,0.001,TRAVA,RAIZEN ENERGIA S.A.,relatorio_anual,https://api.mziq.com/mzfilemanager/v2/d/c016735f-1711-48ce-919f-a8c701b83c19/8365913a-d5fc-332d-25d3-ba5cfefa20ff?origin=2,2026-09-06,"""Atribuídos aos acionistas controladores 20.008.076 22.146.276 20.008.076 22.146.276 / Participação dos acionistas não controladores - - (1.465) 25.970 / Total do patrimônio líquid"
023230,2024,receita_liquida,66908527000,0.001,TRAVA,RAIZEN ENERGIA S.A.,relatorio_anual,https://api.mziq.com/mzfilemanager/v2/d/c016735f-1711-48ce-919f-a8c701b83c19/8365913a-d5fc-332d-25d3-ba5cfefa20ff?origin=2,2026-09-06,"Demonstrações dos resultados / Exercícios findos em 31 de março / (Em milhares de Reais - R$) | Controladora 2024 2023 | Consolidado 2024 2023 -- ""Receita operacional líquida 25 14"
023264,2024,ativo_total,162508300000,0.001,TRAVA,AMBEV S.A.,relatorio_anual,https://data.sec.gov/api/xbrl/companyconcept/CIK0001565025/ifrs-full/Assets.json,2026-09-06,"Fato XBRL ifrs-full:Assets, end=2024-12-31, form=20-F, unit=BRL, val=162508300000, AMBEV S.A. (CIK 0001565025)."
023264,2024,lucro_liquido,14847000000,0.001,TRAVA,AMBEV S.A.,release_da_empresa,https://www.sec.gov/Archives/edgar/data/1565025/000129281426000333/abevpr4q25_6k.htm,2026-09-06,"Profit ... FY24: 14,847.0 (R$ milhoes), com a abertura 'Attributable to Ambev holders: 14,437.2' e 'Attributable to non-controlling interests: 409.7'. Corroborado por InfoMoney/CNN"
023264,2024,lucro_liquido_controladores,14437200000,0.001,TRAVA,AMBEV S.A.,release_da_empresa,https://www.sec.gov/Archives/edgar/data/1565025/000129281426000333/abevpr4q25_6k.htm,2026-09-06,"Attributable to Ambev holders: 14,437.2 (R$ milhoes) — linha imediatamente abaixo de 'Profit 14,847.0' na demonstracao de resultado FY24 do release. A diferenca 14,847.0 - 14,437.2"
023264,2024,patrimonio_liquido,99580500000,0.001,TRAVA,AMBEV S.A.,relatorio_anual,https://data.sec.gov/api/xbrl/companyconcept/CIK0001565025/ifrs-full/Equity.json,2026-09-06,"Fato XBRL ifrs-full:Equity, end=2024-12-31, form=20-F, unit=BRL, val=99580500000 (accn 0001292814-25-000831, filed 2025-03-12, e reconfirmado no 20-F FY2025 accn 0001292814-26-0006"
023264,2024,receita_liquida,89452700000,0.001,TRAVA,AMBEV S.A.,release_da_empresa,https://www.sec.gov/Archives/edgar/data/1565025/000129281426000333/abevpr4q25_6k.htm,2026-09-06,"Net revenue ... FY24: 89,452.7 (R$ milhoes) — tabela de resultados do release 'AMBEV REPORTS 2025 FOURTH QUARTER AND FULL YEAR RESULTS', coluna comparativa FY24. Corroborado por In"
024112,2023,ativo_total,20532909000,0.001,TRAVA,AZUL S.A.,relatorio_anual,https://data.sec.gov/api/xbrl/companyconcept/CIK0001432364/ifrs-full/Assets.json,2026-09-06,"{""end"":""2023-12-31"",""val"":20532909000,""accn"":""0001628280-24-023656"",""fy"":2023,""fp"":""FY"",""form"":""20-F"",""filed"":""2024-05-16""}"
024112,2023,lucro_liquido,-2380456000,0.001,TRAVA,AZUL S.A.,relatorio_anual,https://data.sec.gov/api/xbrl/companyconcept/CIK0001432364/ifrs-full/ProfitLoss.json,2026-09-06,"{""start"":""2023-01-01"",""end"":""2023-12-31"",""val"":-2380456000,""accn"":""0001628280-24-023656"",""fy"":2023,""fp"":""FY"",""form"":""20-F"",""filed"":""2024-05-16""}"
024112,2023,lucro_liquido_controladores,-2380456000,0.001,DEFEITO_ABERTO,AZUL S.A.,relatorio_anual,https://data.sec.gov/api/xbrl/companyconcept/CIK0001432364/ifrs-full/ProfitLoss.json,2026-09-06,"sinal_invertido_na_fonte | {""start"":""2023-01-01"",""end"":""2023-12-31"",""val"":-2380456000,...,""form"":""20-F""} — e a tag ifrs-full:ProfitLossAttributableToOwnersOfParent retorna HTTP 404 (NoSuchKey) para a Azul: a"
024112,2023,patrimonio_liquido,-21327848000,0.001,TRAVA,AZUL S.A.,relatorio_anual,https://data.sec.gov/api/xbrl/companyconcept/CIK0001432364/ifrs-full/Equity.json,2026-09-06,"{""end"":""2023-12-31"",""val"":-21327848000,""accn"":""0001628280-24-023656"",""fy"":2023,""fp"":""FY"",""form"":""20-F"",""filed"":""2024-05-16""}"
024112,2023,receita_liquida,18554425000,0.001,TRAVA,AZUL S.A.,relatorio_anual,https://data.sec.gov/api/xbrl/companyconcept/CIK0001432364/ifrs-full/Revenue.json,2026-09-06,"{""start"":""2023-01-01"",""end"":""2023-12-31"",""val"":18554425000,""accn"":""0001628280-24-023656"",""fy"":2023,""fp"":""FY"",""form"":""20-F"",""filed"":""2024-05-16""}"
024112,2024,ativo_total,26274943000,0.001,TRAVA,AZUL S.A.,relatorio_anual,https://api.mziq.com/mzfilemanager/v2/d/ed78542a-4e01-429a-8926-03d69ccfa307/a14dab91-a5e5-b629-e4bd-f785783f1f93?origin=2,2026-09-06,"'Total do ativo 2.297.648 3.641.379 23.637.914 26.274.943' — DFs auditadas, milhares de reais; coluna Consolidado 31.12.24 = 26.274.943"
024112,2024,lucro_liquido,-9151371000,0.001,TRAVA,AZUL S.A.,relatorio_anual,https://api.mziq.com/mzfilemanager/v2/d/ed78542a-4e01-429a-8926-03d69ccfa307/a14dab91-a5e5-b629-e4bd-f785783f1f93?origin=2,2026-09-06,"'Lucro (prejuizo) do exercicio 124.858 (9.151.371) 124.858 (9.151.371)' — DFs auditadas, em milhares de reais; coluna Consolidado 31.12.24 = (9.151.371)"
024112,2024,lucro_liquido_controladores,-9151371000,0.001,DEFEITO_ABERTO,AZUL S.A.,relatorio_anual,https://api.mziq.com/mzfilemanager/v2/d/ed78542a-4e01-429a-8926-03d69ccfa307/a14dab91-a5e5-b629-e4bd-f785783f1f93?origin=2,2026-09-06,"sinal_invertido_na_fonte | 'Lucro (prejuizo) antes do IR e CSLL 124.858 (9.190.897) 124.870 (9.190.174)' e, abaixo, 'Lucro (prejuizo) do exercicio 124.858 (9.151.371) 124.858 (9.151.371)'. A DRE auditada NAO"
024112,2024,patrimonio_liquido,-30435270000,0.001,TRAVA,AZUL S.A.,release_da_empresa,https://api.mziq.com/mzfilemanager/v2/d/ed78542a-4e01-429a-8926-03d69ccfa307/1f20d9c3-f0ae-cd41-1795-bb4d294107d8?origin=2,2026-09-06,"Release 4T25, 'Balanco Patrimonial - IFRS (R$ milhoes)', colunas 31/12/2025, 30/09/2025, 31/12/2024: 'Patrimonio liquido (29,038.1) (27,406.7) (30,435.3)'. Confirmado sem arredonda"
024112,2024,receita_liquida,19526208000,0.001,TRAVA,AZUL S.A.,relatorio_anual,https://api.mziq.com/mzfilemanager/v2/d/ed78542a-4e01-429a-8926-03d69ccfa307/a14dab91-a5e5-b629-e4bd-f785783f1f93?origin=2,2026-09-06,"AZUL S.A. Demonstracoes dos resultados, Exercicios findos em 31 de dezembro de 2025 e 2024, (Em milhares de reais): 'Receita total 34 - - 21.640.393 19.526.208' (colunas: Controlad"
024112,2025,ativo_total,23637914000,0.001,TRAVA,AZUL S.A.,relatorio_anual,https://api.mziq.com/mzfilemanager/v2/d/ed78542a-4e01-429a-8926-03d69ccfa307/a14dab91-a5e5-b629-e4bd-f785783f1f93?origin=2,2026-09-06,"'Total do ativo 2.297.648 3.641.379 23.637.914 26.274.943' — coluna Consolidado 31.12.25 = 23.637.914 mil; confirmado no XBRL da SEC {""end"":""2025-12-31"",""val"":23637914000,""form"":""2"
024112,2025,lucro_liquido,124858000,0.001,TRAVA,AZUL S.A.,relatorio_anual,https://api.mziq.com/mzfilemanager/v2/d/ed78542a-4e01-429a-8926-03d69ccfa307/a14dab91-a5e5-b629-e4bd-f785783f1f93?origin=2,2026-09-06,"'Embora a Companhia tenha apresentado lucro no montante de R$ 124.858 mil no exercicio findo em 31 de dezembro de 2025' e, na DRE, 'Lucro (prejuizo) do exercicio 124.858 (9.151.371"
024112,2025,lucro_liquido_controladores,124858000,0.001,TRAVA,AZUL S.A.,relatorio_anual,https://api.mziq.com/mzfilemanager/v2/d/ed78542a-4e01-429a-8926-03d69ccfa307/a14dab91-a5e5-b629-e4bd-f785783f1f93?origin=2,2026-09-06,'Lucro (prejuizo) antes do IR e CSLL 124.858 (9.190.897) 124.870 (9.190.174)' / 'Imposto de renda e contribuicao social correntes 14 - - (12) (723)' / 'Lucro (prejuizo) do exercici
024112,2025,patrimonio_liquido,-29038062000,0.001,TRAVA,AZUL S.A.,relatorio_anual,https://data.sec.gov/api/xbrl/companyconcept/CIK0001432364/ifrs-full/Equity.json,2026-09-06,"{""end"":""2025-12-31"",""val"":-29038062000,""accn"":""0001628280-26-023423"",""fy"":2025,""fp"":""FY"",""form"":""20-F"",""filed"":""2026-04-03""} — e no release 4T25: 'Patrimonio liquido (29,038.1) (27"
024112,2025,receita_liquida,21640393000,0.001,TRAVA,AZUL S.A.,relatorio_anual,https://api.mziq.com/mzfilemanager/v2/d/ed78542a-4e01-429a-8926-03d69ccfa307/a14dab91-a5e5-b629-e4bd-f785783f1f93?origin=2,2026-09-06,"'Receita total 34 - - 21.640.393 19.526.208' — DFs auditadas 2025, milhares de reais. ATENCAO: o release do 4T25 traz 'Receita liquida total 5.799,9 5.545,5 4,6% 21.873,7 19.526,2'"
024171,2024,ativo_total,100188000000,0.001,TRAVA,ATACADAO S.A. (Carrefour Brasil),relatorio_anual,https://cdn-sites-assets.mziq.com/wp-content/uploads/sites/174/2025/02/Grupo-Carrefour-Brasil-Demonstracoes-Financeiras-31.12.2024-VF.pdf,2026-09-06,"Atacadão S.A. — Balanços patrimoniais (Em milhões de Reais): ""Total do ativo 55.280 51.942 100.188 92.766"" e ""Total do passivo e do patrimônio líquido 55.280 51.942 100.188 92.766"""
024171,2024,lucro_liquido,1940000000,0.001,TRAVA,ATACADAO S.A. (Carrefour Brasil),relatorio_anual,https://cdn-sites-assets.mziq.com/wp-content/uploads/sites/174/2025/02/Grupo-Carrefour-Brasil-Demonstracoes-Financeiras-31.12.2024-VF.pdf,2026-09-06,"Atacadão S.A. — Demonstrações dos resultados (Em milhões de Reais), colunas Controladora | Consolidado: ""Lucro (prejuízo) líquido do exercício 1.753 (795) 1.940 (639)"" — coluna Con"
024171,2024,lucro_liquido_controladores,1753000000,0.001,TRAVA,ATACADAO S.A. (Carrefour Brasil),relatorio_anual,https://cdn-sites-assets.mziq.com/wp-content/uploads/sites/174/2025/02/Grupo-Carrefour-Brasil-Demonstracoes-Financeiras-31.12.2024-VF.pdf,2026-09-06,"Atacadão S.A. — Demonstrações dos resultados (Em milhões de Reais), bloco de atribuição do resultado consolidado: ""Atribuível aos: Acionistas controladores 1.753 (795) / Acionistas"
024171,2024,patrimonio_liquido,22614000000,0.001,TRAVA,ATACADAO S.A. (Carrefour Brasil),relatorio_anual,https://cdn-sites-assets.mziq.com/wp-content/uploads/sites/174/2025/02/Grupo-Carrefour-Brasil-Demonstracoes-Financeiras-31.12.2024-VF.pdf,2026-09-06,"Atacadão S.A. — Balanços patrimoniais em 31 de dezembro de 2024 e 2023 (Em milhões de Reais), colunas Controladora 31/12/2024, Controladora 31/12/2023, Consolidado 31/12/2024, Cons"
024171,2024,receita_liquida,115636000000,0.001,TRAVA,ATACADAO S.A. (Carrefour Brasil),relatorio_anual,https://cdn-sites-assets.mziq.com/wp-content/uploads/sites/174/2025/02/Grupo-Carrefour-Brasil-Demonstracoes-Financeiras-31.12.2024-VF.pdf,2026-09-06,"Atacadão S.A. — Demonstrações dos resultados — Em 31 de dezembro de 2024 e 2023 (Em milhões de Reais) — Controladora | Consolidado: ""Vendas líquidas 22.1 59.094 67.109 109.311 103."
024180,2023,lucro_liquido,-124000000,0.005,TRAVA,IRB - BRASIL RESSEGUROS S.A.,release_da_empresa,https://www.revistacobertura.com.br/noticias/resseguros/irbre-apura-lucro-liquido-de-r-3727-milhoes-em-2024/,2026-09-06,"O IRB(Re), além de reportar seus números considerando a Visão Negócio da IFRS 4, utilizada pelo regulador setorial, a Susep, publicou seus resultados de 2024 em IFRS 17, metodologi"
024180,2023,lucro_liquido_controladores,-124000000,0.001,DEFEITO_ABERTO,IRB - BRASIL RESSEGUROS S.A.,release_da_empresa,https://www.revistacobertura.com.br/noticias/resseguros/irbre-apura-lucro-liquido-de-r-3727-milhoes-em-2024/,2026-09-06,"split_nao_informado | Considerando a IFRS 17, o resultado da companhia em 2024 foi positivo em R$ 806 milhões, ante prejuízo de R$ 124 milhões em 2023."
024180,2023,patrimonio_liquido,4257000000,0.001,TRAVA,IRB - BRASIL RESSEGUROS S.A.,release_da_empresa,https://www.sonhoseguro.com.br/2024/04/irbre-registra-lucro-liquido-de-r-1142-milhoes-em-2023/,2026-09-06,"patrimônio líquido da companhia fechou 2023 em R$ 4,257 bilhões"
024180,2023,receita_liquida,6521000000,0.001,DEFEITO_ABERTO,IRB - BRASIL RESSEGUROS S.A.,release_da_empresa,https://www.sonhoseguro.com.br/2024/04/irbre-registra-lucro-liquido-de-r-1142-milhoes-em-2023/,2026-09-06,"cobertura_receita_financeira | prêmio emitido total caiu 17,4% na comparação com 2022, alcançando R$ 6,521 bilhões"
024180,2024,lucro_liquido,806000000,0.001,TRAVA,IRB - BRASIL RESSEGUROS S.A.,release_da_empresa,https://www.revistacobertura.com.br/noticias/resseguros/irbre-apura-lucro-liquido-de-r-3727-milhoes-em-2024/,2026-09-06,"Considerando a IFRS 17, o resultado da companhia em 2024 foi positivo em R$ 806 milhões, ante prejuízo de R$ 124 milhões em 2023."
024180,2024,lucro_liquido_controladores,806000000,0.001,DEFEITO_ABERTO,IRB - BRASIL RESSEGUROS S.A.,release_da_empresa,https://www.revistafatorbrasil.com.br/2025/02/26/irbre-apura-lucro-liquido-de-r-3727-milhoes-em-2024/,2026-09-06,split_nao_informado | Lucro líquido de 2024 apurado na metodologia IFRS 17 é de R$ 806 milhões
024180,2024,receita_liquida,6600000000,0.001,DEFEITO_ABERTO,IRB - BRASIL RESSEGUROS S.A.,release_da_empresa,https://www.revistacobertura.com.br/noticias/resseguros/irbre-apura-lucro-liquido-de-r-3727-milhoes-em-2024/,2026-09-06,"cobertura_receita_financeira | o volume de prêmio emitido em 2024, que avançou 1,5% na comparação com um ano antes, somando R$ 6,6 bilhões"
024295,2024,ativo_total,49000000000,0.001,TRAVA,VIBRA ENERGIA S/A,site_fundamentalista,https://stockanalysis.com/quote/bvmf/VBBR3/financials/balance-sheet/,2026-09-06,"""**Total Assets (FY 2024):** 49,000 million BRL"". Corroborado pela serie do investing.com/equities/petrobras-distribuidora-balance-sheet (Total Assets: 33,884 / 41,110 / 43,481 / 4"
024295,2024,lucro_liquido,6367000000,0.001,TRAVA,VIBRA ENERGIA S/A,site_fundamentalista,https://stockanalysis.com/quote/bvmf/VBBR3/financials/,2026-09-06,"FY2024 — **Net Income:** ""6,367"" million BRL. Corroborado por noticia: ""lucro liquido de R$ 6,4 bilhoes, alta de 33,6% ante 2023"" (br.advfn.com/jornal/2025/02/vibra-vbbr3-lucro-liq"
024295,2024,lucro_liquido_controladores,6367000000,0.001,TRAVA,VIBRA ENERGIA S/A,site_fundamentalista,https://stockanalysis.com/quote/bvmf/VBBR3/financials/,2026-09-06,"FY2024 — **Net Income:** ""6,367"" million BRL. E, sobre a quebra controladores vs minoritarios: ""The page does not separately break out net income attributable to common/parent shar"
024295,2024,patrimonio_liquido,20385000000,0.001,TRAVA,VIBRA ENERGIA S/A,site_fundamentalista,https://stockanalysis.com/quote/bvmf/VBBR3/financials/balance-sheet/,2026-09-06,"""**Shareholders' Equity (FY 2024):** 20,385 million BRL"" — ""The annual balance sheet displays columns for 'FY 2025' (Dec 31, 2025) and 'FY 2024' (Dec 31, 2024)"". Corroborado pela s"
024295,2024,receita_liquida,172272000000,0.001,TRAVA,VIBRA ENERGIA S/A,site_fundamentalista,https://stockanalysis.com/quote/bvmf/VBBR3/financials/,2026-09-06,"FY2024 — **Revenue:** ""172,272"" million BRL"
024929,2023,ativo_total,55260156000,0.001,TRAVA,TIM S.A.,relatorio_anual,https://data.sec.gov/api/xbrl/companyconcept/CIK0001826168/ifrs-full/Assets.json,2026-09-06,"""tag"":""Assets"", ""entityName"":""TIM S.A."" — {""end"":""2023-12-31"",""val"":55260156000,""accn"":""0001292814-24-001701"",""fy"":2023,""fp"":""FY"",""form"":""20-F"",""filed"":""2024-04-30""}"
024929,2023,lucro_liquido,2837422000,0.001,TRAVA,TIM S.A.,relatorio_anual,https://data.sec.gov/api/xbrl/companyconcept/CIK0001826168/ifrs-full/ProfitLoss.json,2026-09-06,"""cik"":1826168, ""taxonomy"":""ifrs-full"", ""tag"":""ProfitLoss"", ""entityName"":""TIM S.A."" — {""start"":""2023-01-01"",""end"":""2023-12-31"",""val"":2837422000,""accn"":""0001292814-24-001701"",""fy"":20"
024929,2023,lucro_liquido_controladores,2837422000,0.001,DEFEITO_ABERTO,TIM S.A.,relatorio_anual,https://data.sec.gov/api/xbrl/companyconcept/CIK0001826168/ifrs-full/ProfitLossAttributableToOwnersOfParent.json (HTTP 404) + https://data.sec.gov/api/xbrl/companyconcept/CIK0001826168/ifrs-full/Nonco,2026-09-06,"split_nao_informado | 20-F FY2023 da TIM S.A. NAO etiqueta atribuicao a controladores nem participacao de nao controladores — ambos os conceitos retornam ""The server returned HTTP 404 Not Found."" Logo o"
024929,2023,patrimonio_liquido,26015940000,0.001,TRAVA,TIM S.A.,relatorio_anual,https://data.sec.gov/api/xbrl/companyconcept/CIK0001826168/ifrs-full/Equity.json,2026-09-06,"""tag"":""Equity"", ""entityName"":""TIM S.A."" — {""end"":""2023-12-31"",""val"":26015940000,""accn"":""0001292814-24-001701"",""fy"":2023,""fp"":""FY"",""form"":""20-F"",""filed"":""2024-04-30""}. Como EquityAt"
024929,2023,receita_liquida,23833893000,0.001,TRAVA,TIM S.A.,relatorio_anual,https://data.sec.gov/api/xbrl/companyconcept/CIK0001826168/ifrs-full/Revenue.json,2026-09-06,"""entityName"":""TIM S.A."", ""tag"":""Revenue"" — {""start"":""2023-01-01"",""end"":""2023-12-31"",""val"":23833893000,""accn"":""0001292814-24-001701"",""fy"":2023,""fp"":""FY"",""form"":""20-F"",""filed"":""2024-"
025917,2024,ativo_total,128183310000,0.001,TRAVA,RAIZEN S.A.,relatorio_anual,https://api.mziq.com/mzfilemanager/v2/d/c016735f-1711-48ce-919f-a8c701b83c19/adee4fb6-dcfa-1d86-051a-050d49cc5c91?origin=2,2026-09-06,"Total do ativo 58.740.252 53.473.556 140.999.678 128.183.310 [colunas: Controladora 2025, Controladora 2024, Consolidado 2025, Consolidado 2024; em milhares de Reais]. Fecha com 'T"
025917,2024,lucro_liquido,614133000,0.001,TRAVA,RAIZEN S.A.,relatorio_anual,https://api.mziq.com/mzfilemanager/v2/d/c016735f-1711-48ce-919f-a8c701b83c19/adee4fb6-dcfa-1d86-051a-050d49cc5c91?origin=2,2026-09-06,Lucro líquido (prejuízo) do exercício (4.256.528) 520.715 (4.176.951) 614.133 / Atribuível aos: / Acionistas controladores (4.256.528) 520.715 (4.256.528) 520.715 / Acionistas não 
025917,2024,lucro_liquido_controladores,520715000,0.001,TRAVA,RAIZEN S.A.,relatorio_anual,https://api.mziq.com/mzfilemanager/v2/d/c016735f-1711-48ce-919f-a8c701b83c19/adee4fb6-dcfa-1d86-051a-050d49cc5c91?origin=2,2026-09-06,Atribuível aos: / Acionistas controladores (4.256.528) 520.715 (4.256.528) 520.715 [coluna Consolidado 2024; em milhares de Reais]. Confirmado também na DMPL: 'Lucro líquido do exe
025917,2024,patrimonio_liquido,22125564000,0.001,TRAVA,RAIZEN S.A.,relatorio_anual,https://api.mziq.com/mzfilemanager/v2/d/c016735f-1711-48ce-919f-a8c701b83c19/adee4fb6-dcfa-1d86-051a-050d49cc5c91?origin=2,2026-09-06,Patrimônio líquido 24 / Capital social 6.859.670 6.859.670 6.859.670 6.859.670 / ... / Atribuído aos acionistas controladores 17.588.530 21.379.405 17.588.530 21.379.405 / Particip
025917,2024,receita_liquida,220454239000,0.001,TRAVA,RAIZEN S.A.,relatorio_anual,https://api.mziq.com/mzfilemanager/v2/d/c016735f-1711-48ce-919f-a8c701b83c19/adee4fb6-dcfa-1d86-051a-050d49cc5c91?origin=2,2026-09-06,RAÍZEN S.A. Demonstrações dos resultados / Exercícios findos em 31 de março / Em milhares de Reais – R$ ... Demonstrações dos resultados Controladora Consolidado / Nota 2025 2024 2
